|JohnS00001|Passw0rd,S00001,T,Test empty username 
john|JohnS00001|Passw0rd,S00001,T,Test wrong username
JohnS00001||Passw0rd,S00001,T,Test empty password
JohnS00001|password|Passw0rd,S00001,T,Test wrong password
CityU|Passw0rd,,F,Test Login Account
JohnS00001|Passw0rd,S00001,T,Test Login Account
WilliamS00002|Passw0rd,S00002,T,Test Login Account
JamesS00003|Passw0rd,S00003,T,Test Login Account
CharlesS00004|Passw0rd,S00004,T,Test Login Account
GeorgeS00005|Passw0rd,S00005,T,Test Login Account
FrankS00006|Passw0rd,S00006,T,Test Login Account
JosephS00007|Passw0rd,S00007,T,Test Login Account
ThomasS00008|Passw0rd,S00008,T,Test Login Account
HenryS00009|Passw0rd,S00009,T,Test Login Account
RobertS00010|Passw0rd,S00010,T,Test Login Account
EdwardS00011|Passw0rd,S00011,T,Test Login Account
HarryS00012|Passw0rd,S00012,T,Test Login Account
WalterS00013|Passw0rd,S00013,T,Test Login Account
ArthurS00014|Passw0rd,S00014,T,Test Login Account
FredS00015|Passw0rd,S00015,T,Test Login Account
AlbertS00016|Passw0rd,S00016,T,Test Login Account
SamuelS00017|Passw0rd,S00017,T,Test Login Account
DavidS00018|Passw0rd,S00018,T,Test Login Account
LouisS00019|Passw0rd,S00019,T,Test Login Account
JoeS00020|Passw0rd,S00020,T,Test Login Account
CharlieS00021|Passw0rd,S00021,T,Test Login Account
ClarenceS00022|Passw0rd,S00022,T,Test Login Account
RichardS00023|Passw0rd,S00023,T,Test Login Account
AndrewS00024|Passw0rd,S00024,T,Test Login Account
DanielS00025|Passw0rd,S00025,T,Test Login Account
ErnestS00026|Passw0rd,S00026,T,Test Login Account
WillS00027|Passw0rd,S00027,T,Test Login Account
JesseS00028|Passw0rd,S00028,T,Test Login Account
OscarS00029|Passw0rd,S00029,T,Test Login Account
LewisS00030|Passw0rd,S00030,T,Test Login Account
PeterS00031|Passw0rd,S00031,T,Test Login Account
BenjaminS00032|Passw0rd,S00032,T,Test Login Account
FrederickS00033|Passw0rd,S00033,T,Test Login Account
WillieS00034|Passw0rd,S00034,T,Test Login Account
AlfredS00035|Passw0rd,S00035,T,Test Login Account
SamS00036|Passw0rd,S00036,T,Test Login Account
RoyS00037|Passw0rd,S00037,T,Test Login Account
HerbertS00038|Passw0rd,S00038,T,Test Login Account
JacobS00039|Passw0rd,S00039,T,Test Login Account
TomS00040|Passw0rd,S00040,T,Test Login Account
ElmerS00041|Passw0rd,S00041,T,Test Login Account
CarlS00042|Passw0rd,S00042,T,Test Login Account
LeeS00043|Passw0rd,S00043,T,Test Login Account
HowardS00044|Passw0rd,S00044,T,Test Login Account
MartinS00045|Passw0rd,S00045,T,Test Login Account
MichaelS00046|Passw0rd,S00046,T,Test Login Account
BertS00047|Passw0rd,S00047,T,Test Login Account
HermanS00048|Passw0rd,S00048,T,Test Login Account
JimS00049|Passw0rd,S00049,T,Test Login Account
FrancisS00050|Passw0rd,S00050,T,Test Login Account
HarveyS00051|Passw0rd,S00051,T,Test Login Account
EarlS00052|Passw0rd,S00052,T,Test Login Account
EugeneS00053|Passw0rd,S00053,T,Test Login Account
RalphS00054|Passw0rd,S00054,T,Test Login Account
EdS00055|Passw0rd,S00055,T,Test Login Account
ClaudeS00056|Passw0rd,S00056,T,Test Login Account
EdwinS00057|Passw0rd,S00057,T,Test Login Account
BenS00058|Passw0rd,S00058,T,Test Login Account
CharleyS00059|Passw0rd,S00059,T,Test Login Account
PaulS00060|Passw0rd,S00060,T,Test Login Account
EdgarS00061|Passw0rd,S00061,T,Test Login Account
IsaacS00062|Passw0rd,S00062,T,Test Login Account
OttoS00063|Passw0rd,S00063,T,Test Login Account
LutherS00064|Passw0rd,S00064,T,Test Login Account
LawrenceS00065|Passw0rd,S00065,T,Test Login Account
IraS00066|Passw0rd,S00066,T,Test Login Account
PatrickS00067|Passw0rd,S00067,T,Test Login Account
GuyS00068|Passw0rd,S00068,T,Test Login Account
OliverS00069|Passw0rd,S00069,T,Test Login Account
TheodoreS00070|Passw0rd,S00070,T,Test Login Account
HughS00071|Passw0rd,S00071,T,Test Login Account
ClydeS00072|Passw0rd,S00072,T,Test Login Account
AlexanderS00073|Passw0rd,S00073,T,Test Login Account
AugustS00074|Passw0rd,S00074,T,Test Login Account
FloydS00075|Passw0rd,S00075,T,Test Login Account
HomerS00076|Passw0rd,S00076,T,Test Login Account
JackS00077|Passw0rd,S00077,T,Test Login Account
LeonardS00078|Passw0rd,S00078,T,Test Login Account
HoraceS00079|Passw0rd,S00079,T,Test Login Account
MarionS00080|Passw0rd,S00080,T,Test Login Account
PhilipS00081|Passw0rd,S00081,T,Test Login Account
AllenS00082|Passw0rd,S00082,T,Test Login Account
ArchieS00083|Passw0rd,S00083,T,Test Login Account
StephenS00084|Passw0rd,S00084,T,Test Login Account
ChesterS00085|Passw0rd,S00085,T,Test Login Account
WillisS00086|Passw0rd,S00086,T,Test Login Account
RaymondS00087|Passw0rd,S00087,T,Test Login Account
RufusS00088|Passw0rd,S00088,T,Test Login Account
WarrenS00089|Passw0rd,S00089,T,Test Login Account
JessieS00090|Passw0rd,S00090,T,Test Login Account
MiltonS00091|Passw0rd,S00091,T,Test Login Account
AlexS00092|Passw0rd,S00092,T,Test Login Account
LeoS00093|Passw0rd,S00093,T,Test Login Account
JuliusS00094|Passw0rd,S00094,T,Test Login Account
RayS00095|Passw0rd,S00095,T,Test Login Account
SidneyS00096|Passw0rd,S00096,T,Test Login Account
BernardS00097|Passw0rd,S00097,T,Test Login Account
DanS00098|Passw0rd,S00098,T,Test Login Account
JerryS00099|Passw0rd,S00099,T,Test Login Account
CalvinS00100|Passw0rd,S00100,T,Test Login Account
PerryS00101|Passw0rd,S00101,T,Test Login Account
DaveS00102|Passw0rd,S00102,T,Test Login Account
AnthonyS00103|Passw0rd,S00103,T,Test Login Account
EddieS00104|Passw0rd,S00104,T,Test Login Account
AmosS00105|Passw0rd,S00105,T,Test Login Account
DennisS00106|Passw0rd,S00106,T,Test Login Account
CliffordS00107|Passw0rd,S00107,T,Test Login Account
LeroyS00108|Passw0rd,S00108,T,Test Login Account
WesleyS00109|Passw0rd,S00109,T,Test Login Account
AlonzoS00110|Passw0rd,S00110,T,Test Login Account
GarfieldS00111|Passw0rd,S00111,T,Test Login Account
FranklinS00112|Passw0rd,S00112,T,Test Login Account
EmilS00113|Passw0rd,S00113,T,Test Login Account
LeonS00114|Passw0rd,S00114,T,Test Login Account
NathanS00115|Passw0rd,S00115,T,Test Login Account
HaroldS00116|Passw0rd,S00116,T,Test Login Account
MatthewS00117|Passw0rd,S00117,T,Test Login Account
LeviS00118|Passw0rd,S00118,T,Test Login Account
MosesS00119|Passw0rd,S00119,T,Test Login Account
EverettS00120|Passw0rd,S00120,T,Test Login Account
LesterS00121|Passw0rd,S00121,T,Test Login Account
WinfieldS00122|Passw0rd,S00122,T,Test Login Account
AdamS00123|Passw0rd,S00123,T,Test Login Account
LloydS00124|Passw0rd,S00124,T,Test Login Account
MackS00125|Passw0rd,S00125,T,Test Login Account
FredrickS00126|Passw0rd,S00126,T,Test Login Account
JayS00127|Passw0rd,S00127,T,Test Login Account
JessS00128|Passw0rd,S00128,T,Test Login Account
MelvinS00129|Passw0rd,S00129,T,Test Login Account
NoahS00130|Passw0rd,S00130,T,Test Login Account
AaronS00131|Passw0rd,S00131,T,Test Login Account
AlvinS00132|Passw0rd,S00132,T,Test Login Account
NormanS00133|Passw0rd,S00133,T,Test Login Account
GilbertS00134|Passw0rd,S00134,T,Test Login Account
ElijahS00135|Passw0rd,S00135,T,Test Login Account
VictorS00136|Passw0rd,S00136,T,Test Login Account
GusS00137|Passw0rd,S00137,T,Test Login Account
NelsonS00138|Passw0rd,S00138,T,Test Login Account
JasperS00139|Passw0rd,S00139,T,Test Login Account
SilasS00140|Passw0rd,S00140,T,Test Login Account
ChristopherS00141|Passw0rd,S00141,T,Test Login Account
JakeS00142|Passw0rd,S00142,T,Test Login Account
MikeS00143|Passw0rd,S00143,T,Test Login Account
PercyS00144|Passw0rd,S00144,T,Test Login Account
AdolphS00145|Passw0rd,S00145,T,Test Login Account
MauriceS00146|Passw0rd,S00146,T,Test Login Account
CorneliusS00147|Passw0rd,S00147,T,Test Login Account
FelixS00148|Passw0rd,S00148,T,Test Login Account
ReubenS00149|Passw0rd,S00149,T,Test Login Account
WallaceS00150|Passw0rd,S00150,T,Test Login Account
ClaudS00151|Passw0rd,S00151,T,Test Login Account
RoscoeS00152|Passw0rd,S00152,T,Test Login Account
SylvesterS00153|Passw0rd,S00153,T,Test Login Account
EarnestS00154|Passw0rd,S00154,T,Test Login Account
HiramS00155|Passw0rd,S00155,T,Test Login Account
OtisS00156|Passw0rd,S00156,T,Test Login Account
SimonS00157|Passw0rd,S00157,T,Test Login Account
WillardS00158|Passw0rd,S00158,T,Test Login Account
IrvinS00159|Passw0rd,S00159,T,Test Login Account
MarkS00160|Passw0rd,S00160,T,Test Login Account
JoseS00161|Passw0rd,S00161,T,Test Login Account
WilburS00162|Passw0rd,S00162,T,Test Login Account
AbrahamS00163|Passw0rd,S00163,T,Test Login Account
VirgilS00164|Passw0rd,S00164,T,Test Login Account
ClintonS00165|Passw0rd,S00165,T,Test Login Account
ElbertS00166|Passw0rd,S00166,T,Test Login Account
LeslieS00167|Passw0rd,S00167,T,Test Login Account
MarshallS00168|Passw0rd,S00168,T,Test Login Account
OwenS00169|Passw0rd,S00169,T,Test Login Account
WileyS00170|Passw0rd,S00170,T,Test Login Account
AntonS00171|Passw0rd,S00171,T,Test Login Account
MorrisS00172|Passw0rd,S00172,T,Test Login Account
ManuelS00173|Passw0rd,S00173,T,Test Login Account
PhillipS00174|Passw0rd,S00174,T,Test Login Account
AugustusS00175|Passw0rd,S00175,T,Test Login Account
EmmettS00176|Passw0rd,S00176,T,Test Login Account
EliS00177|Passw0rd,S00177,T,Test Login Account
NicholasS00178|Passw0rd,S00178,T,Test Login Account
WilsonS00179|Passw0rd,S00179,T,Test Login Account
AlvaS00180|Passw0rd,S00180,T,Test Login Account
HarleyS00181|Passw0rd,S00181,T,Test Login Account
NewtonS00182|Passw0rd,S00182,T,Test Login Account
TimothyS00183|Passw0rd,S00183,T,Test Login Account
MarvinS00184|Passw0rd,S00184,T,Test Login Account
RossS00185|Passw0rd,S00185,T,Test Login Account
CurtisS00186|Passw0rd,S00186,T,Test Login Account
EdmundS00187|Passw0rd,S00187,T,Test Login Account
JeffS00188|Passw0rd,S00188,T,Test Login Account
EliasS00189|Passw0rd,S00189,T,Test Login Account
HarrisonS00190|Passw0rd,S00190,T,Test Login Account
StanleyS00191|Passw0rd,S00191,T,Test Login Account
ColumbusS00192|Passw0rd,S00192,T,Test Login Account
LonS00193|Passw0rd,S00193,T,Test Login Account
OraS00194|Passw0rd,S00194,T,Test Login Account
OllieS00195|Passw0rd,S00195,T,Test Login Account
RussellS00196|Passw0rd,S00196,T,Test Login Account
PearlS00197|Passw0rd,S00197,T,Test Login Account
SolomonS00198|Passw0rd,S00198,T,Test Login Account
ArchS00199|Passw0rd,S00199,T,Test Login Account
AsaS00200|Passw0rd,S00200,T,Test Login Account
ClaytonS00201|Passw0rd,S00201,T,Test Login Account
EnochS00202|Passw0rd,S00202,T,Test Login Account
IrvingS00203|Passw0rd,S00203,T,Test Login Account
MathewS00204|Passw0rd,S00204,T,Test Login Account
NathanielS00205|Passw0rd,S00205,T,Test Login Account
ScottS00206|Passw0rd,S00206,T,Test Login Account
HubertS00207|Passw0rd,S00207,T,Test Login Account
LemuelS00208|Passw0rd,S00208,T,Test Login Account
AndyS00209|Passw0rd,S00209,T,Test Login Account
EllisS00210|Passw0rd,S00210,T,Test Login Account
EmanuelS00211|Passw0rd,S00211,T,Test Login Account
JoshuaS00212|Passw0rd,S00212,T,Test Login Account
MillardS00213|Passw0rd,S00213,T,Test Login Account
VernonS00214|Passw0rd,S00214,T,Test Login Account
WadeS00215|Passw0rd,S00215,T,Test Login Account
CyrusS00216|Passw0rd,S00216,T,Test Login Account
MilesS00217|Passw0rd,S00217,T,Test Login Account
RudolphS00218|Passw0rd,S00218,T,Test Login Account
ShermanS00219|Passw0rd,S00219,T,Test Login Account
AustinS00220|Passw0rd,S00220,T,Test Login Account
BillS00221|Passw0rd,S00221,T,Test Login Account
ChasS00222|Passw0rd,S00222,T,Test Login Account
LonnieS00223|Passw0rd,S00223,T,Test Login Account
MonroeS00224|Passw0rd,S00224,T,Test Login Account
ByronS00225|Passw0rd,S00225,T,Test Login Account
EddS00226|Passw0rd,S00226,T,Test Login Account
EmeryS00227|Passw0rd,S00227,T,Test Login Account
GrantS00228|Passw0rd,S00228,T,Test Login Account
JeromeS00229|Passw0rd,S00229,T,Test Login Account
MaxS00230|Passw0rd,S00230,T,Test Login Account
MoseS00231|Passw0rd,S00231,T,Test Login Account
SteveS00232|Passw0rd,S00232,T,Test Login Account
GordonS00233|Passw0rd,S00233,T,Test Login Account
AbeS00234|Passw0rd,S00234,T,Test Login Account
PeteS00235|Passw0rd,S00235,T,Test Login Account
ChrisS00236|Passw0rd,S00236,T,Test Login Account
ClarkS00237|Passw0rd,S00237,T,Test Login Account
GustaveS00238|Passw0rd,S00238,T,Test Login Account
OrvilleS00239|Passw0rd,S00239,T,Test Login Account
LorenzoS00240|Passw0rd,S00240,T,Test Login Account
BruceS00241|Passw0rd,S00241,T,Test Login Account
MarcusS00242|Passw0rd,S00242,T,Test Login Account
PrestonS00243|Passw0rd,S00243,T,Test Login Account
BobS00244|Passw0rd,S00244,T,Test Login Account
DockS00245|Passw0rd,S00245,T,Test Login Account
DonaldS00246|Passw0rd,S00246,T,Test Login Account
JacksonS00247|Passw0rd,S00247,T,Test Login Account
CecilS00248|Passw0rd,S00248,T,Test Login Account
BarneyS00249|Passw0rd,S00249,T,Test Login Account
DelbertS00250|Passw0rd,S00250,T,Test Login Account
EdmondS00251|Passw0rd,S00251,T,Test Login Account
AndersonS00252|Passw0rd,S00252,T,Test Login Account
ChristianS00253|Passw0rd,S00253,T,Test Login Account
GlennS00254|Passw0rd,S00254,T,Test Login Account
JeffersonS00255|Passw0rd,S00255,T,Test Login Account
LukeS00256|Passw0rd,S00256,T,Test Login Account
NealS00257|Passw0rd,S00257,T,Test Login Account
BurtS00258|Passw0rd,S00258,T,Test Login Account
IkeS00259|Passw0rd,S00259,T,Test Login Account
MyronS00260|Passw0rd,S00260,T,Test Login Account
TonyS00261|Passw0rd,S00261,T,Test Login Account
ConradS00262|Passw0rd,S00262,T,Test Login Account
JoelS00263|Passw0rd,S00263,T,Test Login Account
MattS00264|Passw0rd,S00264,T,Test Login Account
RileyS00265|Passw0rd,S00265,T,Test Login Account
VincentS00266|Passw0rd,S00266,T,Test Login Account
EmoryS00267|Passw0rd,S00267,T,Test Login Account
IsaiahS00268|Passw0rd,S00268,T,Test Login Account
NickS00269|Passw0rd,S00269,T,Test Login Account
EzraS00270|Passw0rd,S00270,T,Test Login Account
GreenS00271|Passw0rd,S00271,T,Test Login Account
JuanS00272|Passw0rd,S00272,T,Test Login Account
CliftonS00273|Passw0rd,S00273,T,Test Login Account
LuciusS00274|Passw0rd,S00274,T,Test Login Account
PorterS00275|Passw0rd,S00275,T,Test Login Account
ArnoldS00276|Passw0rd,S00276,T,Test Login Account
BudS00277|Passw0rd,S00277,T,Test Login Account
JeremiahS00278|Passw0rd,S00278,T,Test Login Account
TaylorS00279|Passw0rd,S00279,T,Test Login Account
ForrestS00280|Passw0rd,S00280,T,Test Login Account
RolandS00281|Passw0rd,S00281,T,Test Login Account
SpencerS00282|Passw0rd,S00282,T,Test Login Account
BurtonS00283|Passw0rd,S00283,T,Test Login Account
DonS00284|Passw0rd,S00284,T,Test Login Account
EmmetS00285|Passw0rd,S00285,T,Test Login Account
GustavS00286|Passw0rd,S00286,T,Test Login Account
LouieS00287|Passw0rd,S00287,T,Test Login Account
MorganS00288|Passw0rd,S00288,T,Test Login Account
NedS00289|Passw0rd,S00289,T,Test Login Account
VanS00290|Passw0rd,S00290,T,Test Login Account
AmbroseS00291|Passw0rd,S00291,T,Test Login Account
ChaunceyS00292|Passw0rd,S00292,T,Test Login Account
ElishaS00293|Passw0rd,S00293,T,Test Login Account
FerdinandS00294|Passw0rd,S00294,T,Test Login Account
GeneralS00295|Passw0rd,S00295,T,Test Login Account
JulianS00296|Passw0rd,S00296,T,Test Login Account
KennethS00297|Passw0rd,S00297,T,Test Login Account
MitchellS00298|Passw0rd,S00298,T,Test Login Account
AllieS00299|Passw0rd,S00299,T,Test Login Account
JoshS00300|Passw0rd,S00300,T,Test Login Account
JudsonS00301|Passw0rd,S00301,T,Test Login Account
LymanS00302|Passw0rd,S00302,T,Test Login Account
NapoleonS00303|Passw0rd,S00303,T,Test Login Account
PedroS00304|Passw0rd,S00304,T,Test Login Account
BerryS00305|Passw0rd,S00305,T,Test Login Account
DewittS00306|Passw0rd,S00306,T,Test Login Account
ErvinS00307|Passw0rd,S00307,T,Test Login Account
ForestS00308|Passw0rd,S00308,T,Test Login Account
LynnS00309|Passw0rd,S00309,T,Test Login Account
PinkS00310|Passw0rd,S00310,T,Test Login Account
RubenS00311|Passw0rd,S00311,T,Test Login Account
SanfordS00312|Passw0rd,S00312,T,Test Login Account
WardS00313|Passw0rd,S00313,T,Test Login Account
DouglasS00314|Passw0rd,S00314,T,Test Login Account
OleS00315|Passw0rd,S00315,T,Test Login Account
OmerS00316|Passw0rd,S00316,T,Test Login Account
UlyssesS00317|Passw0rd,S00317,T,Test Login Account
WalkerS00318|Passw0rd,S00318,T,Test Login Account
WilbertS00319|Passw0rd,S00319,T,Test Login Account
AdelbertS00320|Passw0rd,S00320,T,Test Login Account
BenjimanS00321|Passw0rd,S00321,T,Test Login Account
IvanS00322|Passw0rd,S00322,T,Test Login Account
JonasS00323|Passw0rd,S00323,T,Test Login Account
MajorS00324|Passw0rd,S00324,T,Test Login Account
AbnerS00325|Passw0rd,S00325,T,Test Login Account
ArchibaldS00326|Passw0rd,S00326,T,Test Login Account
CalebS00327|Passw0rd,S00327,T,Test Login Account
ClintS00328|Passw0rd,S00328,T,Test Login Account
DudleyS00329|Passw0rd,S00329,T,Test Login Account
GranvilleS00330|Passw0rd,S00330,T,Test Login Account
KingS00331|Passw0rd,S00331,T,Test Login Account
MaryS00332|Passw0rd,S00332,T,Test Login Account
MertonS00333|Passw0rd,S00333,T,Test Login Account
AntonioS00334|Passw0rd,S00334,T,Test Login Account
BennieS00335|Passw0rd,S00335,T,Test Login Account
CarrollS00336|Passw0rd,S00336,T,Test Login Account
FreemanS00337|Passw0rd,S00337,T,Test Login Account
JosiahS00338|Passw0rd,S00338,T,Test Login Account
MiloS00339|Passw0rd,S00339,T,Test Login Account
RoyalS00340|Passw0rd,S00340,T,Test Login Account
DickS00341|Passw0rd,S00341,T,Test Login Account
EarleS00342|Passw0rd,S00342,T,Test Login Account
ElzaS00343|Passw0rd,S00343,T,Test Login Account
EmersonS00344|Passw0rd,S00344,T,Test Login Account
FletcherS00345|Passw0rd,S00345,T,Test Login Account
JudgeS00346|Passw0rd,S00346,T,Test Login Account
LaurenceS00347|Passw0rd,S00347,T,Test Login Account
NeilS00348|Passw0rd,S00348,T,Test Login Account
RogerS00349|Passw0rd,S00349,T,Test Login Account
SethS00350|Passw0rd,S00350,T,Test Login Account
GlenS00351|Passw0rd,S00351,T,Test Login Account
HugoS00352|Passw0rd,S00352,T,Test Login Account
JimmieS00353|Passw0rd,S00353,T,Test Login Account
JohnnieS00354|Passw0rd,S00354,T,Test Login Account
WashingtonS00355|Passw0rd,S00355,T,Test Login Account
ElwoodS00356|Passw0rd,S00356,T,Test Login Account
GustS00357|Passw0rd,S00357,T,Test Login Account
HarmonS00358|Passw0rd,S00358,T,Test Login Account
JordanS00359|Passw0rd,S00359,T,Test Login Account
SimeonS00360|Passw0rd,S00360,T,Test Login Account
WayneS00361|Passw0rd,S00361,T,Test Login Account
WilberS00362|Passw0rd,S00362,T,Test Login Account
ClemS00363|Passw0rd,S00363,T,Test Login Account
EvanS00364|Passw0rd,S00364,T,Test Login Account
FredericS00365|Passw0rd,S00365,T,Test Login Account
IrwinS00366|Passw0rd,S00366,T,Test Login Account
JuniusS00367|Passw0rd,S00367,T,Test Login Account
LafayetteS00368|Passw0rd,S00368,T,Test Login Account
LorenS00369|Passw0rd,S00369,T,Test Login Account
MadisonS00370|Passw0rd,S00370,T,Test Login Account
MasonS00371|Passw0rd,S00371,T,Test Login Account
OrvalS00372|Passw0rd,S00372,T,Test Login Account
AbramS00373|Passw0rd,S00373,T,Test Login Account
AubreyS00374|Passw0rd,S00374,T,Test Login Account
ElliottS00375|Passw0rd,S00375,T,Test Login Account
HansS00376|Passw0rd,S00376,T,Test Login Account
KarlS00377|Passw0rd,S00377,T,Test Login Account
MinorS00378|Passw0rd,S00378,T,Test Login Account
WashS00379|Passw0rd,S00379,T,Test Login Account
WilfredS00380|Passw0rd,S00380,T,Test Login Account
AllanS00381|Passw0rd,S00381,T,Test Login Account
AlphonseS00382|Passw0rd,S00382,T,Test Login Account
DallasS00383|Passw0rd,S00383,T,Test Login Account
DeeS00384|Passw0rd,S00384,T,Test Login Account
IsiahS00385|Passw0rd,S00385,T,Test Login Account
JasonS00386|Passw0rd,S00386,T,Test Login Account
JohnnyS00387|Passw0rd,S00387,T,Test Login Account
LawsonS00388|Passw0rd,S00388,T,Test Login Account
LewS00389|Passw0rd,S00389,T,Test Login Account
MichealS00390|Passw0rd,S00390,T,Test Login Account
OrinS00391|Passw0rd,S00391,T,Test Login Account
AddisonS00392|Passw0rd,S00392,T,Test Login Account
CalS00393|Passw0rd,S00393,T,Test Login Account
ErastusS00394|Passw0rd,S00394,T,Test Login Account
FranciscoS00395|Passw0rd,S00395,T,Test Login Account
HardyS00396|Passw0rd,S00396,T,Test Login Account
LucienS00397|Passw0rd,S00397,T,Test Login Account
RandolphS00398|Passw0rd,S00398,T,Test Login Account
StewartS00399|Passw0rd,S00399,T,Test Login Account
VernS00400|Passw0rd,S00400,T,Test Login Account
WilmerS00401|Passw0rd,S00401,T,Test Login Account
ZackS00402|Passw0rd,S00402,T,Test Login Account
AdrianS00403|Passw0rd,S00403,T,Test Login Account
AlvahS00404|Passw0rd,S00404,T,Test Login Account
BertramS00405|Passw0rd,S00405,T,Test Login Account
ClayS00406|Passw0rd,S00406,T,Test Login Account
EphraimS00407|Passw0rd,S00407,T,Test Login Account
FritzS00408|Passw0rd,S00408,T,Test Login Account
GilesS00409|Passw0rd,S00409,T,Test Login Account
GroverS00410|Passw0rd,S00410,T,Test Login Account
HarrisS00411|Passw0rd,S00411,T,Test Login Account
IsomS00412|Passw0rd,S00412,T,Test Login Account
JesusS00413|Passw0rd,S00413,T,Test Login Account
JohnieS00414|Passw0rd,S00414,T,Test Login Account
JonathanS00415|Passw0rd,S00415,T,Test Login Account
LucianS00416|Passw0rd,S00416,T,Test Login Account
MalcolmS00417|Passw0rd,S00417,T,Test Login Account
MerrittS00418|Passw0rd,S00418,T,Test Login Account
OthoS00419|Passw0rd,S00419,T,Test Login Account
PerleyS00420|Passw0rd,S00420,T,Test Login Account
RollaS00421|Passw0rd,S00421,T,Test Login Account
SandyS00422|Passw0rd,S00422,T,Test Login Account
TomasS00423|Passw0rd,S00423,T,Test Login Account
WilfordS00424|Passw0rd,S00424,T,Test Login Account
AdolphusS00425|Passw0rd,S00425,T,Test Login Account
AngusS00426|Passw0rd,S00426,T,Test Login Account
ArtherS00427|Passw0rd,S00427,T,Test Login Account
CarlosS00428|Passw0rd,S00428,T,Test Login Account
CaryS00429|Passw0rd,S00429,T,Test Login Account
CassiusS00430|Passw0rd,S00430,T,Test Login Account
DavisS00431|Passw0rd,S00431,T,Test Login Account
HamiltonS00432|Passw0rd,S00432,T,Test Login Account
HarveS00433|Passw0rd,S00433,T,Test Login Account
IsraelS00434|Passw0rd,S00434,T,Test Login Account
LeanderS00435|Passw0rd,S00435,T,Test Login Account
MelvilleS00436|Passw0rd,S00436,T,Test Login Account
MerleS00437|Passw0rd,S00437,T,Test Login Account
MurrayS00438|Passw0rd,S00438,T,Test Login Account
PleasantS00439|Passw0rd,S00439,T,Test Login Account
SterlingS00440|Passw0rd,S00440,T,Test Login Account
StevenS00441|Passw0rd,S00441,T,Test Login Account
AxelS00442|Passw0rd,S00442,T,Test Login Account
BoydS00443|Passw0rd,S00443,T,Test Login Account
BryantS00444|Passw0rd,S00444,T,Test Login Account
ClementS00445|Passw0rd,S00445,T,Test Login Account
ErwinS00446|Passw0rd,S00446,T,Test Login Account
EzekielS00447|Passw0rd,S00447,T,Test Login Account
FosterS00448|Passw0rd,S00448,T,Test Login Account
FrancesS00449|Passw0rd,S00449,T,Test Login Account
GeoS00450|Passw0rd,S00450,T,Test Login Account
HoustonS00451|Passw0rd,S00451,T,Test Login Account
IssacS00452|Passw0rd,S00452,T,Test Login Account
JulesS00453|Passw0rd,S00453,T,Test Login Account
LarkinS00454|Passw0rd,S00454,T,Test Login Account
MatS00455|Passw0rd,S00455,T,Test Login Account
MortonS00456|Passw0rd,S00456,T,Test Login Account
OrlandoS00457|Passw0rd,S00457,T,Test Login Account
PierceS00458|Passw0rd,S00458,T,Test Login Account
PrinceS00459|Passw0rd,S00459,T,Test Login Account
RollieS00460|Passw0rd,S00460,T,Test Login Account
RollinS00461|Passw0rd,S00461,T,Test Login Account
SimS00462|Passw0rd,S00462,T,Test Login Account
StuartS00463|Passw0rd,S00463,T,Test Login Account
WilburnS00464|Passw0rd,S00464,T,Test Login Account
BennettS00465|Passw0rd,S00465,T,Test Login Account
CasperS00466|Passw0rd,S00466,T,Test Login Account
ChristS00467|Passw0rd,S00467,T,Test Login Account
DellS00468|Passw0rd,S00468,T,Test Login Account
EgbertS00469|Passw0rd,S00469,T,Test Login Account
ElmoS00470|Passw0rd,S00470,T,Test Login Account
FayS00471|Passw0rd,S00471,T,Test Login Account
GabrielS00472|Passw0rd,S00472,T,Test Login Account
HectorS00473|Passw0rd,S00473,T,Test Login Account
HoratioS00474|Passw0rd,S00474,T,Test Login Account
LigeS00475|Passw0rd,S00475,T,Test Login Account
SaulS00476|Passw0rd,S00476,T,Test Login Account
SmithS00477|Passw0rd,S00477,T,Test Login Account
SquireS00478|Passw0rd,S00478,T,Test Login Account
TobeS00479|Passw0rd,S00479,T,Test Login Account
TommieS00480|Passw0rd,S00480,T,Test Login Account
WyattS00481|Passw0rd,S00481,T,Test Login Account
AlfordS00482|Passw0rd,S00482,T,Test Login Account
AlmaS00483|Passw0rd,S00483,T,Test Login Account
AltonS00484|Passw0rd,S00484,T,Test Login Account
AndresS00485|Passw0rd,S00485,T,Test Login Account
BurlS00486|Passw0rd,S00486,T,Test Login Account
CiceroS00487|Passw0rd,S00487,T,Test Login Account
DeanS00488|Passw0rd,S00488,T,Test Login Account
DorseyS00489|Passw0rd,S00489,T,Test Login Account
EnosS00490|Passw0rd,S00490,T,Test Login Account
HowellS00491|Passw0rd,S00491,T,Test Login Account
LouS00492|Passw0rd,S00492,T,Test Login Account
LoydS00493|Passw0rd,S00493,T,Test Login Account
MahlonS00494|Passw0rd,S00494,T,Test Login Account
NatS00495|Passw0rd,S00495,T,Test Login Account
OmarS00496|Passw0rd,S00496,T,Test Login Account
OranS00497|Passw0rd,S00497,T,Test Login Account
ParkerS00498|Passw0rd,S00498,T,Test Login Account
RaleighS00499|Passw0rd,S00499,T,Test Login Account
ReginaldS00500|Passw0rd,S00500,T,Test Login Account
RubinS00501|Passw0rd,S00501,T,Test Login Account
SeymourS00502|Passw0rd,S00502,T,Test Login Account
WmS00503|Passw0rd,S00503,T,Test Login Account
YoungS00504|Passw0rd,S00504,T,Test Login Account
BenjamineS00505|Passw0rd,S00505,T,Test Login Account
CareyS00506|Passw0rd,S00506,T,Test Login Account
CarltonS00507|Passw0rd,S00507,T,Test Login Account
EldridgeS00508|Passw0rd,S00508,T,Test Login Account
ElzieS00509|Passw0rd,S00509,T,Test Login Account
GarrettS00510|Passw0rd,S00510,T,Test Login Account
IshamS00511|Passw0rd,S00511,T,Test Login Account
JohnsonS00512|Passw0rd,S00512,T,Test Login Account
LarryS00513|Passw0rd,S00513,T,Test Login Account
LoganS00514|Passw0rd,S00514,T,Test Login Account
MerrillS00515|Passw0rd,S00515,T,Test Login Account
MontS00516|Passw0rd,S00516,T,Test Login Account
OrenS00517|Passw0rd,S00517,T,Test Login Account
PierreS00518|Passw0rd,S00518,T,Test Login Account
RexS00519|Passw0rd,S00519,T,Test Login Account
RodneyS00520|Passw0rd,S00520,T,Test Login Account
TedS00521|Passw0rd,S00521,T,Test Login Account
WebsterS00522|Passw0rd,S00522,T,Test Login Account
WestS00523|Passw0rd,S00523,T,Test Login Account
WheelerS00524|Passw0rd,S00524,T,Test Login Account
WillamS00525|Passw0rd,S00525,T,Test Login Account
AlS00526|Passw0rd,S00526,T,Test Login Account
AloysiusS00527|Passw0rd,S00527,T,Test Login Account
AlvieS00528|Passw0rd,S00528,T,Test Login Account
AnnaS00529|Passw0rd,S00529,T,Test Login Account
ArtS00530|Passw0rd,S00530,T,Test Login Account
AugustineS00531|Passw0rd,S00531,T,Test Login Account
BaileyS00532|Passw0rd,S00532,T,Test Login Account
BenjamanS00533|Passw0rd,S00533,T,Test Login Account
BeverlyS00534|Passw0rd,S00534,T,Test Login Account
BishopS00535|Passw0rd,S00535,T,Test Login Account
ClairS00536|Passw0rd,S00536,T,Test Login Account
CloydS00537|Passw0rd,S00537,T,Test Login Account
ColemanS00538|Passw0rd,S00538,T,Test Login Account
DanaS00539|Passw0rd,S00539,T,Test Login Account
DuncanS00540|Passw0rd,S00540,T,Test Login Account
DwightS00541|Passw0rd,S00541,T,Test Login Account
EmileS00542|Passw0rd,S00542,T,Test Login Account
EvertS00543|Passw0rd,S00543,T,Test Login Account
HendersonS00544|Passw0rd,S00544,T,Test Login Account
HunterS00545|Passw0rd,S00545,T,Test Login Account
JeanS00546|Passw0rd,S00546,T,Test Login Account
LemS00547|Passw0rd,S00547,T,Test Login Account
LuisS00548|Passw0rd,S00548,T,Test Login Account
MathiasS00549|Passw0rd,S00549,T,Test Login Account
MaynardS00550|Passw0rd,S00550,T,Test Login Account
MiguelS00551|Passw0rd,S00551,T,Test Login Account
MortimerS00552|Passw0rd,S00552,T,Test Login Account
NelsS00553|Passw0rd,S00553,T,Test Login Account
NorrisS00554|Passw0rd,S00554,T,Test Login Account
PatS00555|Passw0rd,S00555,T,Test Login Account
PhilS00556|Passw0rd,S00556,T,Test Login Account
RushS00557|Passw0rd,S00557,T,Test Login Account
SantiagoS00558|Passw0rd,S00558,T,Test Login Account
SolS00559|Passw0rd,S00559,T,Test Login Account
SydneyS00560|Passw0rd,S00560,T,Test Login Account
ThaddeusS00561|Passw0rd,S00561,T,Test Login Account
ThorntonS00562|Passw0rd,S00562,T,Test Login Account
TimS00563|Passw0rd,S00563,T,Test Login Account
TravisS00564|Passw0rd,S00564,T,Test Login Account
TrumanS00565|Passw0rd,S00565,T,Test Login Account
WatsonS00566|Passw0rd,S00566,T,Test Login Account
WebbS00567|Passw0rd,S00567,T,Test Login Account
WellingtonS00568|Passw0rd,S00568,T,Test Login Account
WinfredS00569|Passw0rd,S00569,T,Test Login Account
WylieS00570|Passw0rd,S00570,T,Test Login Account
AlecS00571|Passw0rd,S00571,T,Test Login Account
BasilS00572|Passw0rd,S00572,T,Test Login Account
BaxterS00573|Passw0rd,S00573,T,Test Login Account
BertrandS00574|Passw0rd,S00574,T,Test Login Account
BufordS00575|Passw0rd,S00575,T,Test Login Account
BurrS00576|Passw0rd,S00576,T,Test Login Account
ClevelandS00577|Passw0rd,S00577,T,Test Login Account
ColonelS00578|Passw0rd,S00578,T,Test Login Account
DempseyS00579|Passw0rd,S00579,T,Test Login Account
EarlyS00580|Passw0rd,S00580,T,Test Login Account
EllsworthS00581|Passw0rd,S00581,T,Test Login Account
FateS00582|Passw0rd,S00582,T,Test Login Account
FinleyS00583|Passw0rd,S00583,T,Test Login Account
GabeS00584|Passw0rd,S00584,T,Test Login Account
GarlandS00585|Passw0rd,S00585,T,Test Login Account
GeraldS00586|Passw0rd,S00586,T,Test Login Account
HerschelS00587|Passw0rd,S00587,T,Test Login Account
HezekiahS00588|Passw0rd,S00588,T,Test Login Account
JustusS00589|Passw0rd,S00589,T,Test Login Account
LindseyS00590|Passw0rd,S00590,T,Test Login Account
MarcellusS00591|Passw0rd,S00591,T,Test Login Account
OlafS00592|Passw0rd,S00592,T,Test Login Account
OlinS00593|Passw0rd,S00593,T,Test Login Account
PabloS00594|Passw0rd,S00594,T,Test Login Account
RollandS00595|Passw0rd,S00595,T,Test Login Account
TurnerS00596|Passw0rd,S00596,T,Test Login Account
VerneS00597|Passw0rd,S00597,T,Test Login Account
VolneyS00598|Passw0rd,S00598,T,Test Login Account
WilliamsS00599|Passw0rd,S00599,T,Test Login Account
AlmonS00600|Passw0rd,S00600,T,Test Login Account
AloisS00601|Passw0rd,S00601,T,Test Login Account
AlonzaS00602|Passw0rd,S00602,T,Test Login Account
AnsonS00603|Passw0rd,S00603,T,Test Login Account
AuthurS00604|Passw0rd,S00604,T,Test Login Account
BentonS00605|Passw0rd,S00605,T,Test Login Account
BillieS00606|Passw0rd,S00606,T,Test Login Account
CorneliousS00607|Passw0rd,S00607,T,Test Login Account
DariusS00608|Passw0rd,S00608,T,Test Login Account
DenisS00609|Passw0rd,S00609,T,Test Login Account
DillardS00610|Passw0rd,S00610,T,Test Login Account
DoctorS00611|Passw0rd,S00611,T,Test Login Account
ElvinS00612|Passw0rd,S00612,T,Test Login Account
EmmaS00613|Passw0rd,S00613,T,Test Login Account
EricS00614|Passw0rd,S00614,T,Test Login Account
EvansS00615|Passw0rd,S00615,T,Test Login Account
GideonS00616|Passw0rd,S00616,T,Test Login Account
HaywoodS00617|Passw0rd,S00617,T,Test Login Account
HilliardS00618|Passw0rd,S00618,T,Test Login Account
HoseaS00619|Passw0rd,S00619,T,Test Login Account
LincolnS00620|Passw0rd,S00620,T,Test Login Account
LonzoS00621|Passw0rd,S00621,T,Test Login Account
LuciousS00622|Passw0rd,S00622,T,Test Login Account
LumS00623|Passw0rd,S00623,T,Test Login Account
MalachiS00624|Passw0rd,S00624,T,Test Login Account
NewtS00625|Passw0rd,S00625,T,Test Login Account
NoelS00626|Passw0rd,S00626,T,Test Login Account
OrieS00627|Passw0rd,S00627,T,Test Login Account
PalmerS00628|Passw0rd,S00628,T,Test Login Account
PinkneyS00629|Passw0rd,S00629,T,Test Login Account
ShirleyS00630|Passw0rd,S00630,T,Test Login Account
SumnerS00631|Passw0rd,S00631,T,Test Login Account
TerryS00632|Passw0rd,S00632,T,Test Login Account
UrbanS00633|Passw0rd,S00633,T,Test Login Account
UriahS00634|Passw0rd,S00634,T,Test Login Account
ValentineS00635|Passw0rd,S00635,T,Test Login Account
WaldoS00636|Passw0rd,S00636,T,Test Login Account
WarnerS00637|Passw0rd,S00637,T,Test Login Account
WongS00638|Passw0rd,S00638,T,Test Login Account
ZebS00639|Passw0rd,S00639,T,Test Login Account
AbelS00640|Passw0rd,S00640,T,Test Login Account
AldenS00641|Passw0rd,S00641,T,Test Login Account
ArcherS00642|Passw0rd,S00642,T,Test Login Account
AveryS00643|Passw0rd,S00643,T,Test Login Account
CarsonS00644|Passw0rd,S00644,T,Test Login Account
CullenS00645|Passw0rd,S00645,T,Test Login Account
DocS00646|Passw0rd,S00646,T,Test Login Account
EbenS00647|Passw0rd,S00647,T,Test Login Account
EligeS00648|Passw0rd,S00648,T,Test Login Account
ElizabethS00649|Passw0rd,S00649,T,Test Login Account
ElmoreS00650|Passw0rd,S00650,T,Test Login Account
ErnstS00651|Passw0rd,S00651,T,Test Login Account
FinisS00652|Passw0rd,S00652,T,Test Login Account
FreddieS00653|Passw0rd,S00653,T,Test Login Account
GodfreyS00654|Passw0rd,S00654,T,Test Login Account
GussS00655|Passw0rd,S00655,T,Test Login Account
HampS00656|Passw0rd,S00656,T,Test Login Account
HermannS00657|Passw0rd,S00657,T,Test Login Account
IsadoreS00658|Passw0rd,S00658,T,Test Login Account
IsrealS00659|Passw0rd,S00659,T,Test Login Account
JonesS00660|Passw0rd,S00660,T,Test Login Account
JuneS00661|Passw0rd,S00661,T,Test Login Account
LacyS00662|Passw0rd,S00662,T,Test Login Account
LafeS00663|Passw0rd,S00663,T,Test Login Account
LelandS00664|Passw0rd,S00664,T,Test Login Account
LlewellynS00665|Passw0rd,S00665,T,Test Login Account
LudwigS00666|Passw0rd,S00666,T,Test Login Account
ManfordS00667|Passw0rd,S00667,T,Test Login Account
MaxwellS00668|Passw0rd,S00668,T,Test Login Account
MinnieS00669|Passw0rd,S00669,T,Test Login Account
ObieS00670|Passw0rd,S00670,T,Test Login Account
OctaveS00671|Passw0rd,S00671,T,Test Login Account
OrrinS00672|Passw0rd,S00672,T,Test Login Account
OssieS00673|Passw0rd,S00673,T,Test Login Account
OswaldS00674|Passw0rd,S00674,T,Test Login Account
ParkS00675|Passw0rd,S00675,T,Test Login Account
ParleyS00676|Passw0rd,S00676,T,Test Login Account
RamonS00677|Passw0rd,S00677,T,Test Login Account
RiceS00678|Passw0rd,S00678,T,Test Login Account
StonewallS00679|Passw0rd,S00679,T,Test Login Account
TheoS00680|Passw0rd,S00680,T,Test Login Account
TillmanS00681|Passw0rd,S00681,T,Test Login Account
AddieS00682|Passw0rd,S00682,T,Test Login Account
AronS00683|Passw0rd,S00683,T,Test Login Account
AshleyS00684|Passw0rd,S00684,T,Test Login Account
BernhardS00685|Passw0rd,S00685,T,Test Login Account
BertieS00686|Passw0rd,S00686,T,Test Login Account
BertonS00687|Passw0rd,S00687,T,Test Login Account
BusterS00688|Passw0rd,S00688,T,Test Login Account
ButlerS00689|Passw0rd,S00689,T,Test Login Account
CarletonS00690|Passw0rd,S00690,T,Test Login Account
CarrieS00691|Passw0rd,S00691,T,Test Login Account
ClaraS00692|Passw0rd,S00692,T,Test Login Account
ClaranceS00693|Passw0rd,S00693,T,Test Login Account
ClareS00694|Passw0rd,S00694,T,Test Login Account
CrawfordS00695|Passw0rd,S00695,T,Test Login Account
DanialS00696|Passw0rd,S00696,T,Test Login Account
DaytonS00697|Passw0rd,S00697,T,Test Login Account
DolphusS00698|Passw0rd,S00698,T,Test Login Account
ElderS00699|Passw0rd,S00699,T,Test Login Account
EphriamS00700|Passw0rd,S00700,T,Test Login Account
FayetteS00701|Passw0rd,S00701,T,Test Login Account
FelipeS00702|Passw0rd,S00702,T,Test Login Account
FernandoS00703|Passw0rd,S00703,T,Test Login Account
FlemS00704|Passw0rd,S00704,T,Test Login Account
FlorenceS00705|Passw0rd,S00705,T,Test Login Account
FordS00706|Passw0rd,S00706,T,Test Login Account
HarlanS00707|Passw0rd,S00707,T,Test Login Account
HayesS00708|Passw0rd,S00708,T,Test Login Account
HeneryS00709|Passw0rd,S00709,T,Test Login Account
HoyS00710|Passw0rd,S00710,T,Test Login Account
HustonS00711|Passw0rd,S00711,T,Test Login Account
IdaS00712|Passw0rd,S00712,T,Test Login Account
IvoryS00713|Passw0rd,S00713,T,Test Login Account
JonahS00714|Passw0rd,S00714,T,Test Login Account
JustinS00715|Passw0rd,S00715,T,Test Login Account
LenardS00716|Passw0rd,S00716,T,Test Login Account
LeopoldS00717|Passw0rd,S00717,T,Test Login Account
LionelS00718|Passw0rd,S00718,T,Test Login Account
ManleyS00719|Passw0rd,S00719,T,Test Login Account
MarquisS00720|Passw0rd,S00720,T,Test Login Account
MarshalS00721|Passw0rd,S00721,T,Test Login Account
MartS00722|Passw0rd,S00722,T,Test Login Account
OdieS00723|Passw0rd,S00723,T,Test Login Account
OlenS00724|Passw0rd,S00724,T,Test Login Account
OralS00725|Passw0rd,S00725,T,Test Login Account
OrleyS00726|Passw0rd,S00726,T,Test Login Account
OthaS00727|Passw0rd,S00727,T,Test Login Account
PressS00728|Passw0rd,S00728,T,Test Login Account
PriceS00729|Passw0rd,S00729,T,Test Login Account
QuincyS00730|Passw0rd,S00730,T,Test Login Account
RandallS00731|Passw0rd,S00731,T,Test Login Account
RichS00732|Passw0rd,S00732,T,Test Login Account
RichmondS00733|Passw0rd,S00733,T,Test Login Account
RomeoS00734|Passw0rd,S00734,T,Test Login Account
RusselS00735|Passw0rd,S00735,T,Test Login Account
RutherfordS00736|Passw0rd,S00736,T,Test Login Account
ShadeS00737|Passw0rd,S00737,T,Test Login Account
ShelbyS00738|Passw0rd,S00738,T,Test Login Account
SolonS00739|Passw0rd,S00739,T,Test Login Account
ThurmanS00740|Passw0rd,S00740,T,Test Login Account
TildenS00741|Passw0rd,S00741,T,Test Login Account
TroyS00742|Passw0rd,S00742,T,Test Login Account
WoodsonS00743|Passw0rd,S00743,T,Test Login Account
WorthS00744|Passw0rd,S00744,T,Test Login Account
AdenS00745|Passw0rd,S00745,T,Test Login Account
AlcideS00746|Passw0rd,S00746,T,Test Login Account
AlfS00747|Passw0rd,S00747,T,Test Login Account
AlgieS00748|Passw0rd,S00748,T,Test Login Account
ArlieS00749|Passw0rd,S00749,T,Test Login Account
BartS00750|Passw0rd,S00750,T,Test Login Account
BedfordS00751|Passw0rd,S00751,T,Test Login Account
BenitoS00752|Passw0rd,S00752,T,Test Login Account
BillyS00753|Passw0rd,S00753,T,Test Login Account
BirdS00754|Passw0rd,S00754,T,Test Login Account
BirtS00755|Passw0rd,S00755,T,Test Login Account
BrunoS00756|Passw0rd,S00756,T,Test Login Account
BurleyS00757|Passw0rd,S00757,T,Test Login Account
ChancyS00758|Passw0rd,S00758,T,Test Login Account
ClausS00759|Passw0rd,S00759,T,Test Login Account
CliffS00760|Passw0rd,S00760,T,Test Login Account
ClovisS00761|Passw0rd,S00761,T,Test Login Account
ConnieS00762|Passw0rd,S00762,T,Test Login Account
CreedS00763|Passw0rd,S00763,T,Test Login Account
DelosS00764|Passw0rd,S00764,T,Test Login Account
DukeS00765|Passw0rd,S00765,T,Test Login Account
EberS00766|Passw0rd,S00766,T,Test Login Account
EligahS00767|Passw0rd,S00767,T,Test Login Account
ElliotS00768|Passw0rd,S00768,T,Test Login Account
EltonS00769|Passw0rd,S00769,T,Test Login Account
EmmittS00770|Passw0rd,S00770,T,Test Login Account
GeneS00771|Passw0rd,S00771,T,Test Login Account
GoldenS00772|Passw0rd,S00772,T,Test Login Account
HalS00773|Passw0rd,S00773,T,Test Login Account
HardinS00774|Passw0rd,S00774,T,Test Login Account
HarmanS00775|Passw0rd,S00775,T,Test Login Account
HerveyS00776|Passw0rd,S00776,T,Test Login Account
HollisS00777|Passw0rd,S00777,T,Test Login Account
IveyS00778|Passw0rd,S00778,T,Test Login Account
JennieS00779|Passw0rd,S00779,T,Test Login Account
LenS00780|Passw0rd,S00780,T,Test Login Account
LindsayS00781|Passw0rd,S00781,T,Test Login Account
LonieS00782|Passw0rd,S00782,T,Test Login Account
LyleS00783|Passw0rd,S00783,T,Test Login Account
MacS00784|Passw0rd,S00784,T,Test Login Account
MalS00785|Passw0rd,S00785,T,Test Login Account
MathS00786|Passw0rd,S00786,T,Test Login Account
MillerS00787|Passw0rd,S00787,T,Test Login Account
OrsonS00788|Passw0rd,S00788,T,Test Login Account
OsborneS00789|Passw0rd,S00789,T,Test Login Account
PercivalS00790|Passw0rd,S00790,T,Test Login Account
PleasS00791|Passw0rd,S00791,T,Test Login Account
PlesS00792|Passw0rd,S00792,T,Test Login Account
RafaelS00793|Passw0rd,S00793,T,Test Login Account
RaoulS00794|Passw0rd,S00794,T,Test Login Account
RoderickS00795|Passw0rd,S00795,T,Test Login Account
RoseS00796|Passw0rd,S00796,T,Test Login Account
SheltonS00797|Passw0rd,S00797,T,Test Login Account
SidS00798|Passw0rd,S00798,T,Test Login Account
TheronS00799|Passw0rd,S00799,T,Test Login Account
TobiasS00800|Passw0rd,S00800,T,Test Login Account
ToneyS00801|Passw0rd,S00801,T,Test Login Account
TylerS00802|Passw0rd,S00802,T,Test Login Account
VanceS00803|Passw0rd,S00803,T,Test Login Account
VivianS00804|Passw0rd,S00804,T,Test Login Account
WaltonS00805|Passw0rd,S00805,T,Test Login Account
WattS00806|Passw0rd,S00806,T,Test Login Account
WeaverS00807|Passw0rd,S00807,T,Test Login Account
WiltonS00808|Passw0rd,S00808,T,Test Login Account
AdolfS00809|Passw0rd,S00809,T,Test Login Account
AlbinS00810|Passw0rd,S00810,T,Test Login Account
AlbionS00811|Passw0rd,S00811,T,Test Login Account
AllisonS00812|Passw0rd,S00812,T,Test Login Account
AlphaS00813|Passw0rd,S00813,T,Test Login Account
AlpheusS00814|Passw0rd,S00814,T,Test Login Account
AnastacioS00815|Passw0rd,S00815,T,Test Login Account
AndreS00816|Passw0rd,S00816,T,Test Login Account
AnnieS00817|Passw0rd,S00817,T,Test Login Account
ArlingtonS00818|Passw0rd,S00818,T,Test Login Account
ArmandS00819|Passw0rd,S00819,T,Test Login Account
AsberryS00820|Passw0rd,S00820,T,Test Login Account
AsburyS00821|Passw0rd,S00821,T,Test Login Account
AsherS00822|Passw0rd,S00822,T,Test Login Account
AugustinS00823|Passw0rd,S00823,T,Test Login Account
AutherS00824|Passw0rd,S00824,T,Test Login Account
AuthorS00825|Passw0rd,S00825,T,Test Login Account
BallardS00826|Passw0rd,S00826,T,Test Login Account
BlasS00827|Passw0rd,S00827,T,Test Login Account
CaesarS00828|Passw0rd,S00828,T,Test Login Account
CandidoS00829|Passw0rd,S00829,T,Test Login Account
CatoS00830|Passw0rd,S00830,T,Test Login Account
ClarkeS00831|Passw0rd,S00831,T,Test Login Account
ClementeS00832|Passw0rd,S00832,T,Test Login Account
ColinS00833|Passw0rd,S00833,T,Test Login Account
CommodoreS00834|Passw0rd,S00834,T,Test Login Account
CoraS00835|Passw0rd,S00835,T,Test Login Account
CoyS00836|Passw0rd,S00836,T,Test Login Account
CruzS00837|Passw0rd,S00837,T,Test Login Account
CurtS00838|Passw0rd,S00838,T,Test Login Account
DamonS00839|Passw0rd,S00839,T,Test Login Account
DavieS00840|Passw0rd,S00840,T,Test Login Account
DelmarS00841|Passw0rd,S00841,T,Test Login Account
DexterS00842|Passw0rd,S00842,T,Test Login Account
DoraS00843|Passw0rd,S00843,T,Test Login Account
DossS00844|Passw0rd,S00844,T,Test Login Account
DrewS00845|Passw0rd,S00845,T,Test Login Account
EdsonS00846|Passw0rd,S00846,T,Test Login Account
ElamS00847|Passw0rd,S00847,T,Test Login Account
ElihuS00848|Passw0rd,S00848,T,Test Login Account
ElizaS00849|Passw0rd,S00849,T,Test Login Account
ElsieS00850|Passw0rd,S00850,T,Test Login Account
ErieS00851|Passw0rd,S00851,T,Test Login Account
ErnieS00852|Passw0rd,S00852,T,Test Login Account
EthelS00853|Passw0rd,S00853,T,Test Login Account
FerdS00854|Passw0rd,S00854,T,Test Login Account
FriendS00855|Passw0rd,S00855,T,Test Login Account
GarryS00856|Passw0rd,S00856,T,Test Login Account
GaryS00857|Passw0rd,S00857,T,Test Login Account
GraceS00858|Passw0rd,S00858,T,Test Login Account
GustafS00859|Passw0rd,S00859,T,Test Login Account
HallieS00860|Passw0rd,S00860,T,Test Login Account
HamptonS00861|Passw0rd,S00861,T,Test Login Account
HarrieS00862|Passw0rd,S00862,T,Test Login Account
HattieS00863|Passw0rd,S00863,T,Test Login Account
HenceS00864|Passw0rd,S00864,T,Test Login Account
HillardS00865|Passw0rd,S00865,T,Test Login Account
HollieS00866|Passw0rd,S00866,T,Test Login Account
HolmesS00867|Passw0rd,S00867,T,Test Login Account
HopeS00868|Passw0rd,S00868,T,Test Login Account
HymanS00869|Passw0rd,S00869,T,Test Login Account
IshmaelS00870|Passw0rd,S00870,T,Test Login Account
JarrettS00871|Passw0rd,S00871,T,Test Login Account
JesseeS00872|Passw0rd,S00872,T,Test Login Account
JoesephS00873|Passw0rd,S00873,T,Test Login Account
JuniousS00874|Passw0rd,S00874,T,Test Login Account
KirkS00875|Passw0rd,S00875,T,Test Login Account
LevyS00876|Passw0rd,S00876,T,Test Login Account
MervinS00877|Passw0rd,S00877,T,Test Login Account
MichelS00878|Passw0rd,S00878,T,Test Login Account
MilfordS00879|Passw0rd,S00879,T,Test Login Account
MitchelS00880|Passw0rd,S00880,T,Test Login Account
NellieS00881|Passw0rd,S00881,T,Test Login Account
NobleS00882|Passw0rd,S00882,T,Test Login Account
ObedS00883|Passw0rd,S00883,T,Test Login Account
OdaS00884|Passw0rd,S00884,T,Test Login Account
OrrenS00885|Passw0rd,S00885,T,Test Login Account
OttisS00886|Passw0rd,S00886,T,Test Login Account
RafeS00887|Passw0rd,S00887,T,Test Login Account
ReddenS00888|Passw0rd,S00888,T,Test Login Account
ReeseS00889|Passw0rd,S00889,T,Test Login Account
RubeS00890|Passw0rd,S00890,T,Test Login Account
RubyS00891|Passw0rd,S00891,T,Test Login Account
RupertS00892|Passw0rd,S00892,T,Test Login Account
SalomonS00893|Passw0rd,S00893,T,Test Login Account
SammieS00894|Passw0rd,S00894,T,Test Login Account
SandersS00895|Passw0rd,S00895,T,Test Login Account
SolomanS00896|Passw0rd,S00896,T,Test Login Account
StacyS00897|Passw0rd,S00897,T,Test Login Account
StanfordS00898|Passw0rd,S00898,T,Test Login Account
StantonS00899|Passw0rd,S00899,T,Test Login Account
ThadS00900|Passw0rd,S00900,T,Test Login Account
TitusS00901|Passw0rd,S00901,T,Test Login Account
TracyS00902|Passw0rd,S00902,T,Test Login Account
VernieS00903|Passw0rd,S00903,T,Test Login Account
WendellS00904|Passw0rd,S00904,T,Test Login Account
WilhelmS00905|Passw0rd,S00905,T,Test Login Account
WillianS00906|Passw0rd,S00906,T,Test Login Account
YeeS00907|Passw0rd,S00907,T,Test Login Account
ZekeS00908|Passw0rd,S00908,T,Test Login Account
AbS00909|Passw0rd,S00909,T,Test Login Account
AbbottS00910|Passw0rd,S00910,T,Test Login Account
AgustusS00911|Passw0rd,S00911,T,Test Login Account
AlbertusS00912|Passw0rd,S00912,T,Test Login Account
AlmerS00913|Passw0rd,S00913,T,Test Login Account
AlphonsoS00914|Passw0rd,S00914,T,Test Login Account
AlviaS00915|Passw0rd,S00915,T,Test Login Account
ArtieS00916|Passw0rd,S00916,T,Test Login Account
ArvidS00917|Passw0rd,S00917,T,Test Login Account
AshbyS00918|Passw0rd,S00918,T,Test Login Account
AugustaS00919|Passw0rd,S00919,T,Test Login Account
AurthurS00920|Passw0rd,S00920,T,Test Login Account
BabeS00921|Passw0rd,S00921,T,Test Login Account
BaldwinS00922|Passw0rd,S00922,T,Test Login Account
BarnettS00923|Passw0rd,S00923,T,Test Login Account
BartholomewS00924|Passw0rd,S00924,T,Test Login Account
BartonS00925|Passw0rd,S00925,T,Test Login Account
BernieS00926|Passw0rd,S00926,T,Test Login Account
BlaineS00927|Passw0rd,S00927,T,Test Login Account
BostonS00928|Passw0rd,S00928,T,Test Login Account
BradS00929|Passw0rd,S00929,T,Test Login Account
BradfordS00930|Passw0rd,S00930,T,Test Login Account
BradleyS00931|Passw0rd,S00931,T,Test Login Account
BrooksS00932|Passw0rd,S00932,T,Test Login Account
BuckS00933|Passw0rd,S00933,T,Test Login Account
BuddS00934|Passw0rd,S00934,T,Test Login Account
CeylonS00935|Passw0rd,S00935,T,Test Login Account
ChalmersS00936|Passw0rd,S00936,T,Test Login Account
ChesleyS00937|Passw0rd,S00937,T,Test Login Account
ChinS00938|Passw0rd,S00938,T,Test Login Account
CleoS00939|Passw0rd,S00939,T,Test Login Account
CrockettS00940|Passw0rd,S00940,T,Test Login Account
CyrilS00941|Passw0rd,S00941,T,Test Login Account
DaisyS00942|Passw0rd,S00942,T,Test Login Account
DenverS00943|Passw0rd,S00943,T,Test Login Account
DowS00944|Passw0rd,S00944,T,Test Login Account
DuffS00945|Passw0rd,S00945,T,Test Login Account
EdieS00946|Passw0rd,S00946,T,Test Login Account
EdithS00947|Passw0rd,S00947,T,Test Login Account
ElickS00948|Passw0rd,S00948,T,Test Login Account
ElieS00949|Passw0rd,S00949,T,Test Login Account
EligaS00950|Passw0rd,S00950,T,Test Login Account
EliseoS00951|Passw0rd,S00951,T,Test Login Account
ElroyS00952|Passw0rd,S00952,T,Test Login Account
ElyS00953|Passw0rd,S00953,T,Test Login Account
EnnisS00954|Passw0rd,S00954,T,Test Login Account
EnriqueS00955|Passw0rd,S00955,T,Test Login Account
ErasmusS00956|Passw0rd,S00956,T,Test Login Account
EsauS00957|Passw0rd,S00957,T,Test Login Account
EveretteS00958|Passw0rd,S00958,T,Test Login Account
FirmanS00959|Passw0rd,S00959,T,Test Login Account
FlemingS00960|Passw0rd,S00960,T,Test Login Account
FloraS00961|Passw0rd,S00961,T,Test Login Account
GardnerS00962|Passw0rd,S00962,T,Test Login Account
GeeS00963|Passw0rd,S00963,T,Test Login Account
GorgeS00964|Passw0rd,S00964,T,Test Login Account
GottliebS00965|Passw0rd,S00965,T,Test Login Account
GregorioS00966|Passw0rd,S00966,T,Test Login Account
GregoryS00967|Passw0rd,S00967,T,Test Login Account
GustavusS00968|Passw0rd,S00968,T,Test Login Account
HalseyS00969|Passw0rd,S00969,T,Test Login Account
HandyS00970|Passw0rd,S00970,T,Test Login Account
HardieS00971|Passw0rd,S00971,T,Test Login Account
HarlS00972|Passw0rd,S00972,T,Test Login Account
HaydenS00973|Passw0rd,S00973,T,Test Login Account
HaysS00974|Passw0rd,S00974,T,Test Login Account
HermonS00975|Passw0rd,S00975,T,Test Login Account
HershelS00976|Passw0rd,S00976,T,Test Login Account
HollyS00977|Passw0rd,S00977,T,Test Login Account
HosteenS00978|Passw0rd,S00978,T,Test Login Account
HoytS00979|Passw0rd,S00979,T,Test Login Account
HudsonS00980|Passw0rd,S00980,T,Test Login Account
HueyS00981|Passw0rd,S00981,T,Test Login Account
HumphreyS00982|Passw0rd,S00982,T,Test Login Account
HuntS00983|Passw0rd,S00983,T,Test Login Account
HyrumS00984|Passw0rd,S00984,T,Test Login Account
IrvenS00985|Passw0rd,S00985,T,Test Login Account
IsamS00986|Passw0rd,S00986,T,Test Login Account
IvyS00987|Passw0rd,S00987,T,Test Login Account
JabezS00988|Passw0rd,S00988,T,Test Login Account
JewelS00989|Passw0rd,S00989,T,Test Login Account
JodieS00990|Passw0rd,S00990,T,Test Login Account
JuddS00991|Passw0rd,S00991,T,Test Login Account
JuliousS00992|Passw0rd,S00992,T,Test Login Account
JusticeS00993|Passw0rd,S00993,T,Test Login Account
KatherineS00994|Passw0rd,S00994,T,Test Login Account
KellyS00995|Passw0rd,S00995,T,Test Login Account
KitS00996|Passw0rd,S00996,T,Test Login Account
KnuteS00997|Passw0rd,S00997,T,Test Login Account
LavernS00998|Passw0rd,S00998,T,Test Login Account
LawyerS00999|Passw0rd,S00999,T,Test Login Account
