|John|Passw0rd,S00001,TRUE,FALSE,Test empty username 
john|John|Passw0rd,S00001,TRUE,FALSE,Test wrong username
John||Passw0rd,S00001,TRUE,FALSE,Test empty password
John|password|Passw0rd,S00001,TRUE,FALSE,Test wrong password
CityU|Passw0rd,,FALSE,TRUE,Test Login Account
John|Passw0rd,S00001,TRUE,FALSE,Test Login Account
William|Passw0rd,S00002,TRUE,FALSE,Test Login Account
James|Passw0rd,S00003,TRUE,FALSE,Test Login Account
Charles|Passw0rd,S00004,TRUE,FALSE,Test Login Account
George|Passw0rd,S00005,TRUE,FALSE,Test Login Account
Frank|Passw0rd,S00006,TRUE,FALSE,Test Login Account
Joseph|Passw0rd,S00007,TRUE,FALSE,Test Login Account
Thomas|Passw0rd,S00008,TRUE,FALSE,Test Login Account
Henry|Passw0rd,S00009,TRUE,FALSE,Test Login Account
Robert|Passw0rd,S00010,TRUE,FALSE,Test Login Account
Edward|Passw0rd,S00011,TRUE,FALSE,Test Login Account
Harry|Passw0rd,S00012,TRUE,FALSE,Test Login Account
Walter|Passw0rd,S00013,TRUE,FALSE,Test Login Account
Arthur|Passw0rd,S00014,TRUE,FALSE,Test Login Account
Fred|Passw0rd,S00015,TRUE,FALSE,Test Login Account
Albert|Passw0rd,S00016,TRUE,FALSE,Test Login Account
Samuel|Passw0rd,S00017,TRUE,FALSE,Test Login Account
David|Passw0rd,S00018,TRUE,FALSE,Test Login Account
Louis|Passw0rd,S00019,TRUE,FALSE,Test Login Account
Joe|Passw0rd,S00020,TRUE,FALSE,Test Login Account
Charlie|Passw0rd,S00021,TRUE,FALSE,Test Login Account
Clarence|Passw0rd,S00022,TRUE,FALSE,Test Login Account
Richard|Passw0rd,S00023,TRUE,FALSE,Test Login Account
Andrew|Passw0rd,S00024,TRUE,FALSE,Test Login Account
Daniel|Passw0rd,S00025,TRUE,FALSE,Test Login Account
Ernest|Passw0rd,S00026,TRUE,FALSE,Test Login Account
Will|Passw0rd,S00027,TRUE,FALSE,Test Login Account
Jesse|Passw0rd,S00028,TRUE,FALSE,Test Login Account
Oscar|Passw0rd,S00029,TRUE,FALSE,Test Login Account
Lewis|Passw0rd,S00030,TRUE,FALSE,Test Login Account
Peter|Passw0rd,S00031,TRUE,FALSE,Test Login Account
Benjamin|Passw0rd,S00032,TRUE,FALSE,Test Login Account
Frederick|Passw0rd,S00033,TRUE,FALSE,Test Login Account
Willie|Passw0rd,S00034,TRUE,FALSE,Test Login Account
Alfred|Passw0rd,S00035,TRUE,FALSE,Test Login Account
Sam|Passw0rd,S00036,TRUE,FALSE,Test Login Account
Roy|Passw0rd,S00037,TRUE,FALSE,Test Login Account
Herbert|Passw0rd,S00038,TRUE,FALSE,Test Login Account
Jacob|Passw0rd,S00039,TRUE,FALSE,Test Login Account
Tom|Passw0rd,S00040,TRUE,FALSE,Test Login Account
Elmer|Passw0rd,S00041,TRUE,FALSE,Test Login Account
Carl|Passw0rd,S00042,TRUE,FALSE,Test Login Account
Lee|Passw0rd,S00043,TRUE,FALSE,Test Login Account
Howard|Passw0rd,S00044,TRUE,FALSE,Test Login Account
Martin|Passw0rd,S00045,TRUE,FALSE,Test Login Account
Michael|Passw0rd,S00046,TRUE,FALSE,Test Login Account
Bert|Passw0rd,S00047,TRUE,FALSE,Test Login Account
Herman|Passw0rd,S00048,TRUE,FALSE,Test Login Account
Jim|Passw0rd,S00049,TRUE,FALSE,Test Login Account
Francis|Passw0rd,S00050,TRUE,FALSE,Test Login Account
Harvey|Passw0rd,S00051,TRUE,FALSE,Test Login Account
Earl|Passw0rd,S00052,TRUE,FALSE,Test Login Account
Eugene|Passw0rd,S00053,TRUE,FALSE,Test Login Account
Ralph|Passw0rd,S00054,TRUE,FALSE,Test Login Account
Ed|Passw0rd,S00055,TRUE,FALSE,Test Login Account
Claude|Passw0rd,S00056,TRUE,FALSE,Test Login Account
Edwin|Passw0rd,S00057,TRUE,FALSE,Test Login Account
Ben|Passw0rd,S00058,TRUE,FALSE,Test Login Account
Charley|Passw0rd,S00059,TRUE,FALSE,Test Login Account
Paul|Passw0rd,S00060,TRUE,FALSE,Test Login Account
Edgar|Passw0rd,S00061,TRUE,FALSE,Test Login Account
Isaac|Passw0rd,S00062,TRUE,FALSE,Test Login Account
Otto|Passw0rd,S00063,TRUE,FALSE,Test Login Account
Luther|Passw0rd,S00064,TRUE,FALSE,Test Login Account
Lawrence|Passw0rd,S00065,TRUE,FALSE,Test Login Account
Ira|Passw0rd,S00066,TRUE,FALSE,Test Login Account
Patrick|Passw0rd,S00067,TRUE,FALSE,Test Login Account
Guy|Passw0rd,S00068,TRUE,FALSE,Test Login Account
Oliver|Passw0rd,S00069,TRUE,FALSE,Test Login Account
Theodore|Passw0rd,S00070,TRUE,FALSE,Test Login Account
Hugh|Passw0rd,S00071,TRUE,FALSE,Test Login Account
Clyde|Passw0rd,S00072,TRUE,FALSE,Test Login Account
Alexander|Passw0rd,S00073,TRUE,FALSE,Test Login Account
August|Passw0rd,S00074,TRUE,FALSE,Test Login Account
Floyd|Passw0rd,S00075,TRUE,FALSE,Test Login Account
Homer|Passw0rd,S00076,TRUE,FALSE,Test Login Account
Jack|Passw0rd,S00077,TRUE,FALSE,Test Login Account
Leonard|Passw0rd,S00078,TRUE,FALSE,Test Login Account
Horace|Passw0rd,S00079,TRUE,FALSE,Test Login Account
Marion|Passw0rd,S00080,TRUE,FALSE,Test Login Account
Philip|Passw0rd,S00081,TRUE,FALSE,Test Login Account
Allen|Passw0rd,S00082,TRUE,FALSE,Test Login Account
Archie|Passw0rd,S00083,TRUE,FALSE,Test Login Account
Stephen|Passw0rd,S00084,TRUE,FALSE,Test Login Account
Chester|Passw0rd,S00085,TRUE,FALSE,Test Login Account
Willis|Passw0rd,S00086,TRUE,FALSE,Test Login Account
Raymond|Passw0rd,S00087,TRUE,FALSE,Test Login Account
Rufus|Passw0rd,S00088,TRUE,FALSE,Test Login Account
Warren|Passw0rd,S00089,TRUE,FALSE,Test Login Account
Jessie|Passw0rd,S00090,TRUE,FALSE,Test Login Account
Milton|Passw0rd,S00091,TRUE,FALSE,Test Login Account
Alex|Passw0rd,S00092,TRUE,FALSE,Test Login Account
Leo|Passw0rd,S00093,TRUE,FALSE,Test Login Account
Julius|Passw0rd,S00094,TRUE,FALSE,Test Login Account
Ray|Passw0rd,S00095,TRUE,FALSE,Test Login Account
Sidney|Passw0rd,S00096,TRUE,FALSE,Test Login Account
Bernard|Passw0rd,S00097,TRUE,FALSE,Test Login Account
Dan|Passw0rd,S00098,TRUE,FALSE,Test Login Account
Jerry|Passw0rd,S00099,TRUE,FALSE,Test Login Account
Calvin|Passw0rd,S00100,TRUE,FALSE,Test Login Account
Perry|Passw0rd,S00101,TRUE,FALSE,Test Login Account
Dave|Passw0rd,S00102,TRUE,FALSE,Test Login Account
Anthony|Passw0rd,S00103,TRUE,FALSE,Test Login Account
Eddie|Passw0rd,S00104,TRUE,FALSE,Test Login Account
Amos|Passw0rd,S00105,TRUE,FALSE,Test Login Account
Dennis|Passw0rd,S00106,TRUE,FALSE,Test Login Account
Clifford|Passw0rd,S00107,TRUE,FALSE,Test Login Account
Leroy|Passw0rd,S00108,TRUE,FALSE,Test Login Account
Wesley|Passw0rd,S00109,TRUE,FALSE,Test Login Account
Alonzo|Passw0rd,S00110,TRUE,FALSE,Test Login Account
Garfield|Passw0rd,S00111,TRUE,FALSE,Test Login Account
Franklin|Passw0rd,S00112,TRUE,FALSE,Test Login Account
Emil|Passw0rd,S00113,TRUE,FALSE,Test Login Account
Leon|Passw0rd,S00114,TRUE,FALSE,Test Login Account
Nathan|Passw0rd,S00115,TRUE,FALSE,Test Login Account
Harold|Passw0rd,S00116,TRUE,FALSE,Test Login Account
Matthew|Passw0rd,S00117,TRUE,FALSE,Test Login Account
Levi|Passw0rd,S00118,TRUE,FALSE,Test Login Account
Moses|Passw0rd,S00119,TRUE,FALSE,Test Login Account
Everett|Passw0rd,S00120,TRUE,FALSE,Test Login Account
Lester|Passw0rd,S00121,TRUE,FALSE,Test Login Account
Winfield|Passw0rd,S00122,TRUE,FALSE,Test Login Account
Adam|Passw0rd,S00123,TRUE,FALSE,Test Login Account
Lloyd|Passw0rd,S00124,TRUE,FALSE,Test Login Account
Mack|Passw0rd,S00125,TRUE,FALSE,Test Login Account
Fredrick|Passw0rd,S00126,TRUE,FALSE,Test Login Account
Jay|Passw0rd,S00127,TRUE,FALSE,Test Login Account
Jess|Passw0rd,S00128,TRUE,FALSE,Test Login Account
Melvin|Passw0rd,S00129,TRUE,FALSE,Test Login Account
Noah|Passw0rd,S00130,TRUE,FALSE,Test Login Account
Aaron|Passw0rd,S00131,TRUE,FALSE,Test Login Account
Alvin|Passw0rd,S00132,TRUE,FALSE,Test Login Account
Norman|Passw0rd,S00133,TRUE,FALSE,Test Login Account
Gilbert|Passw0rd,S00134,TRUE,FALSE,Test Login Account
Elijah|Passw0rd,S00135,TRUE,FALSE,Test Login Account
Victor|Passw0rd,S00136,TRUE,FALSE,Test Login Account
Gus|Passw0rd,S00137,TRUE,FALSE,Test Login Account
Nelson|Passw0rd,S00138,TRUE,FALSE,Test Login Account
Jasper|Passw0rd,S00139,TRUE,FALSE,Test Login Account
Silas|Passw0rd,S00140,TRUE,FALSE,Test Login Account
Christopher|Passw0rd,S00141,TRUE,FALSE,Test Login Account
Jake|Passw0rd,S00142,TRUE,FALSE,Test Login Account
Mike|Passw0rd,S00143,TRUE,FALSE,Test Login Account
Percy|Passw0rd,S00144,TRUE,FALSE,Test Login Account
Adolph|Passw0rd,S00145,TRUE,FALSE,Test Login Account
Maurice|Passw0rd,S00146,TRUE,FALSE,Test Login Account
Cornelius|Passw0rd,S00147,TRUE,FALSE,Test Login Account
Felix|Passw0rd,S00148,TRUE,FALSE,Test Login Account
Reuben|Passw0rd,S00149,TRUE,FALSE,Test Login Account
Wallace|Passw0rd,S00150,TRUE,FALSE,Test Login Account
Claud|Passw0rd,S00151,TRUE,FALSE,Test Login Account
Roscoe|Passw0rd,S00152,TRUE,FALSE,Test Login Account
Sylvester|Passw0rd,S00153,TRUE,FALSE,Test Login Account
Earnest|Passw0rd,S00154,TRUE,FALSE,Test Login Account
Hiram|Passw0rd,S00155,TRUE,FALSE,Test Login Account
Otis|Passw0rd,S00156,TRUE,FALSE,Test Login Account
Simon|Passw0rd,S00157,TRUE,FALSE,Test Login Account
Willard|Passw0rd,S00158,TRUE,FALSE,Test Login Account
Irvin|Passw0rd,S00159,TRUE,FALSE,Test Login Account
Mark|Passw0rd,S00160,TRUE,FALSE,Test Login Account
Jose|Passw0rd,S00161,TRUE,FALSE,Test Login Account
Wilbur|Passw0rd,S00162,TRUE,FALSE,Test Login Account
Abraham|Passw0rd,S00163,TRUE,FALSE,Test Login Account
Virgil|Passw0rd,S00164,TRUE,FALSE,Test Login Account
Clinton|Passw0rd,S00165,TRUE,FALSE,Test Login Account
Elbert|Passw0rd,S00166,TRUE,FALSE,Test Login Account
Leslie|Passw0rd,S00167,TRUE,FALSE,Test Login Account
Marshall|Passw0rd,S00168,TRUE,FALSE,Test Login Account
Owen|Passw0rd,S00169,TRUE,FALSE,Test Login Account
Wiley|Passw0rd,S00170,TRUE,FALSE,Test Login Account
Anton|Passw0rd,S00171,TRUE,FALSE,Test Login Account
Morris|Passw0rd,S00172,TRUE,FALSE,Test Login Account
Manuel|Passw0rd,S00173,TRUE,FALSE,Test Login Account
Phillip|Passw0rd,S00174,TRUE,FALSE,Test Login Account
Augustus|Passw0rd,S00175,TRUE,FALSE,Test Login Account
Emmett|Passw0rd,S00176,TRUE,FALSE,Test Login Account
Eli|Passw0rd,S00177,TRUE,FALSE,Test Login Account
Nicholas|Passw0rd,S00178,TRUE,FALSE,Test Login Account
Wilson|Passw0rd,S00179,TRUE,FALSE,Test Login Account
Alva|Passw0rd,S00180,TRUE,FALSE,Test Login Account
Harley|Passw0rd,S00181,TRUE,FALSE,Test Login Account
Newton|Passw0rd,S00182,TRUE,FALSE,Test Login Account
Timothy|Passw0rd,S00183,TRUE,FALSE,Test Login Account
Marvin|Passw0rd,S00184,TRUE,FALSE,Test Login Account
Ross|Passw0rd,S00185,TRUE,FALSE,Test Login Account
Curtis|Passw0rd,S00186,TRUE,FALSE,Test Login Account
Edmund|Passw0rd,S00187,TRUE,FALSE,Test Login Account
Jeff|Passw0rd,S00188,TRUE,FALSE,Test Login Account
Elias|Passw0rd,S00189,TRUE,FALSE,Test Login Account
Harrison|Passw0rd,S00190,TRUE,FALSE,Test Login Account
Stanley|Passw0rd,S00191,TRUE,FALSE,Test Login Account
Columbus|Passw0rd,S00192,TRUE,FALSE,Test Login Account
Lon|Passw0rd,S00193,TRUE,FALSE,Test Login Account
Ora|Passw0rd,S00194,TRUE,FALSE,Test Login Account
Ollie|Passw0rd,S00195,TRUE,FALSE,Test Login Account
Russell|Passw0rd,S00196,TRUE,FALSE,Test Login Account
Pearl|Passw0rd,S00197,TRUE,FALSE,Test Login Account
Solomon|Passw0rd,S00198,TRUE,FALSE,Test Login Account
Arch|Passw0rd,S00199,TRUE,FALSE,Test Login Account
Asa|Passw0rd,S00200,TRUE,FALSE,Test Login Account
Clayton|Passw0rd,S00201,TRUE,FALSE,Test Login Account
Enoch|Passw0rd,S00202,TRUE,FALSE,Test Login Account
Irving|Passw0rd,S00203,TRUE,FALSE,Test Login Account
Mathew|Passw0rd,S00204,TRUE,FALSE,Test Login Account
Nathaniel|Passw0rd,S00205,TRUE,FALSE,Test Login Account
Scott|Passw0rd,S00206,TRUE,FALSE,Test Login Account
Hubert|Passw0rd,S00207,TRUE,FALSE,Test Login Account
Lemuel|Passw0rd,S00208,TRUE,FALSE,Test Login Account
Andy|Passw0rd,S00209,TRUE,FALSE,Test Login Account
Ellis|Passw0rd,S00210,TRUE,FALSE,Test Login Account
Emanuel|Passw0rd,S00211,TRUE,FALSE,Test Login Account
Joshua|Passw0rd,S00212,TRUE,FALSE,Test Login Account
Millard|Passw0rd,S00213,TRUE,FALSE,Test Login Account
Vernon|Passw0rd,S00214,TRUE,FALSE,Test Login Account
Wade|Passw0rd,S00215,TRUE,FALSE,Test Login Account
Cyrus|Passw0rd,S00216,TRUE,FALSE,Test Login Account
Miles|Passw0rd,S00217,TRUE,FALSE,Test Login Account
Rudolph|Passw0rd,S00218,TRUE,FALSE,Test Login Account
Sherman|Passw0rd,S00219,TRUE,FALSE,Test Login Account
Austin|Passw0rd,S00220,TRUE,FALSE,Test Login Account
Bill|Passw0rd,S00221,TRUE,FALSE,Test Login Account
Chas|Passw0rd,S00222,TRUE,FALSE,Test Login Account
Lonnie|Passw0rd,S00223,TRUE,FALSE,Test Login Account
Monroe|Passw0rd,S00224,TRUE,FALSE,Test Login Account
Byron|Passw0rd,S00225,TRUE,FALSE,Test Login Account
Edd|Passw0rd,S00226,TRUE,FALSE,Test Login Account
Emery|Passw0rd,S00227,TRUE,FALSE,Test Login Account
Grant|Passw0rd,S00228,TRUE,FALSE,Test Login Account
Jerome|Passw0rd,S00229,TRUE,FALSE,Test Login Account
Max|Passw0rd,S00230,TRUE,FALSE,Test Login Account
Mose|Passw0rd,S00231,TRUE,FALSE,Test Login Account
Steve|Passw0rd,S00232,TRUE,FALSE,Test Login Account
Gordon|Passw0rd,S00233,TRUE,FALSE,Test Login Account
Abe|Passw0rd,S00234,TRUE,FALSE,Test Login Account
Pete|Passw0rd,S00235,TRUE,FALSE,Test Login Account
Chris|Passw0rd,S00236,TRUE,FALSE,Test Login Account
Clark|Passw0rd,S00237,TRUE,FALSE,Test Login Account
Gustave|Passw0rd,S00238,TRUE,FALSE,Test Login Account
Orville|Passw0rd,S00239,TRUE,FALSE,Test Login Account
Lorenzo|Passw0rd,S00240,TRUE,FALSE,Test Login Account
Bruce|Passw0rd,S00241,TRUE,FALSE,Test Login Account
Marcus|Passw0rd,S00242,TRUE,FALSE,Test Login Account
Preston|Passw0rd,S00243,TRUE,FALSE,Test Login Account
Bob|Passw0rd,S00244,TRUE,FALSE,Test Login Account
Dock|Passw0rd,S00245,TRUE,FALSE,Test Login Account
Donald|Passw0rd,S00246,TRUE,FALSE,Test Login Account
Jackson|Passw0rd,S00247,TRUE,FALSE,Test Login Account
Cecil|Passw0rd,S00248,TRUE,FALSE,Test Login Account
Barney|Passw0rd,S00249,TRUE,FALSE,Test Login Account
Delbert|Passw0rd,S00250,TRUE,FALSE,Test Login Account
Edmond|Passw0rd,S00251,TRUE,FALSE,Test Login Account
Anderson|Passw0rd,S00252,TRUE,FALSE,Test Login Account
Christian|Passw0rd,S00253,TRUE,FALSE,Test Login Account
Glenn|Passw0rd,S00254,TRUE,FALSE,Test Login Account
Jefferson|Passw0rd,S00255,TRUE,FALSE,Test Login Account
Luke|Passw0rd,S00256,TRUE,FALSE,Test Login Account
Neal|Passw0rd,S00257,TRUE,FALSE,Test Login Account
Burt|Passw0rd,S00258,TRUE,FALSE,Test Login Account
Ike|Passw0rd,S00259,TRUE,FALSE,Test Login Account
Myron|Passw0rd,S00260,TRUE,FALSE,Test Login Account
Tony|Passw0rd,S00261,TRUE,FALSE,Test Login Account
Conrad|Passw0rd,S00262,TRUE,FALSE,Test Login Account
Joel|Passw0rd,S00263,TRUE,FALSE,Test Login Account
Matt|Passw0rd,S00264,TRUE,FALSE,Test Login Account
Riley|Passw0rd,S00265,TRUE,FALSE,Test Login Account
Vincent|Passw0rd,S00266,TRUE,FALSE,Test Login Account
Emory|Passw0rd,S00267,TRUE,FALSE,Test Login Account
Isaiah|Passw0rd,S00268,TRUE,FALSE,Test Login Account
Nick|Passw0rd,S00269,TRUE,FALSE,Test Login Account
Ezra|Passw0rd,S00270,TRUE,FALSE,Test Login Account
Green|Passw0rd,S00271,TRUE,FALSE,Test Login Account
Juan|Passw0rd,S00272,TRUE,FALSE,Test Login Account
Clifton|Passw0rd,S00273,TRUE,FALSE,Test Login Account
Lucius|Passw0rd,S00274,TRUE,FALSE,Test Login Account
Porter|Passw0rd,S00275,TRUE,FALSE,Test Login Account
Arnold|Passw0rd,S00276,TRUE,FALSE,Test Login Account
Bud|Passw0rd,S00277,TRUE,FALSE,Test Login Account
Jeremiah|Passw0rd,S00278,TRUE,FALSE,Test Login Account
Taylor|Passw0rd,S00279,TRUE,FALSE,Test Login Account
Forrest|Passw0rd,S00280,TRUE,FALSE,Test Login Account
Roland|Passw0rd,S00281,TRUE,FALSE,Test Login Account
Spencer|Passw0rd,S00282,TRUE,FALSE,Test Login Account
Burton|Passw0rd,S00283,TRUE,FALSE,Test Login Account
Don|Passw0rd,S00284,TRUE,FALSE,Test Login Account
Emmet|Passw0rd,S00285,TRUE,FALSE,Test Login Account
Gustav|Passw0rd,S00286,TRUE,FALSE,Test Login Account
Louie|Passw0rd,S00287,TRUE,FALSE,Test Login Account
Morgan|Passw0rd,S00288,TRUE,FALSE,Test Login Account
Ned|Passw0rd,S00289,TRUE,FALSE,Test Login Account
Van|Passw0rd,S00290,TRUE,FALSE,Test Login Account
Ambrose|Passw0rd,S00291,TRUE,FALSE,Test Login Account
Chauncey|Passw0rd,S00292,TRUE,FALSE,Test Login Account
Elisha|Passw0rd,S00293,TRUE,FALSE,Test Login Account
Ferdinand|Passw0rd,S00294,TRUE,FALSE,Test Login Account
General|Passw0rd,S00295,TRUE,FALSE,Test Login Account
Julian|Passw0rd,S00296,TRUE,FALSE,Test Login Account
Kenneth|Passw0rd,S00297,TRUE,FALSE,Test Login Account
Mitchell|Passw0rd,S00298,TRUE,FALSE,Test Login Account
Allie|Passw0rd,S00299,TRUE,FALSE,Test Login Account
Josh|Passw0rd,S00300,TRUE,FALSE,Test Login Account
Judson|Passw0rd,S00301,TRUE,FALSE,Test Login Account
Lyman|Passw0rd,S00302,TRUE,FALSE,Test Login Account
Napoleon|Passw0rd,S00303,TRUE,FALSE,Test Login Account
Pedro|Passw0rd,S00304,TRUE,FALSE,Test Login Account
Berry|Passw0rd,S00305,TRUE,FALSE,Test Login Account
Dewitt|Passw0rd,S00306,TRUE,FALSE,Test Login Account
Ervin|Passw0rd,S00307,TRUE,FALSE,Test Login Account
Forest|Passw0rd,S00308,TRUE,FALSE,Test Login Account
Lynn|Passw0rd,S00309,TRUE,FALSE,Test Login Account
Pink|Passw0rd,S00310,TRUE,FALSE,Test Login Account
Ruben|Passw0rd,S00311,TRUE,FALSE,Test Login Account
Sanford|Passw0rd,S00312,TRUE,FALSE,Test Login Account
Ward|Passw0rd,S00313,TRUE,FALSE,Test Login Account
Douglas|Passw0rd,S00314,TRUE,FALSE,Test Login Account
Ole|Passw0rd,S00315,TRUE,FALSE,Test Login Account
Omer|Passw0rd,S00316,TRUE,FALSE,Test Login Account
Ulysses|Passw0rd,S00317,TRUE,FALSE,Test Login Account
Walker|Passw0rd,S00318,TRUE,FALSE,Test Login Account
Wilbert|Passw0rd,S00319,TRUE,FALSE,Test Login Account
Adelbert|Passw0rd,S00320,TRUE,FALSE,Test Login Account
Benjiman|Passw0rd,S00321,TRUE,FALSE,Test Login Account
Ivan|Passw0rd,S00322,TRUE,FALSE,Test Login Account
Jonas|Passw0rd,S00323,TRUE,FALSE,Test Login Account
Major|Passw0rd,S00324,TRUE,FALSE,Test Login Account
Abner|Passw0rd,S00325,TRUE,FALSE,Test Login Account
Archibald|Passw0rd,S00326,TRUE,FALSE,Test Login Account
Caleb|Passw0rd,S00327,TRUE,FALSE,Test Login Account
Clint|Passw0rd,S00328,TRUE,FALSE,Test Login Account
Dudley|Passw0rd,S00329,TRUE,FALSE,Test Login Account
Granville|Passw0rd,S00330,TRUE,FALSE,Test Login Account
King|Passw0rd,S00331,TRUE,FALSE,Test Login Account
Mary|Passw0rd,S00332,TRUE,FALSE,Test Login Account
Merton|Passw0rd,S00333,TRUE,FALSE,Test Login Account
Antonio|Passw0rd,S00334,TRUE,FALSE,Test Login Account
Bennie|Passw0rd,S00335,TRUE,FALSE,Test Login Account
Carroll|Passw0rd,S00336,TRUE,FALSE,Test Login Account
Freeman|Passw0rd,S00337,TRUE,FALSE,Test Login Account
Josiah|Passw0rd,S00338,TRUE,FALSE,Test Login Account
Milo|Passw0rd,S00339,TRUE,FALSE,Test Login Account
Royal|Passw0rd,S00340,TRUE,FALSE,Test Login Account
Dick|Passw0rd,S00341,TRUE,FALSE,Test Login Account
Earle|Passw0rd,S00342,TRUE,FALSE,Test Login Account
Elza|Passw0rd,S00343,TRUE,FALSE,Test Login Account
Emerson|Passw0rd,S00344,TRUE,FALSE,Test Login Account
Fletcher|Passw0rd,S00345,TRUE,FALSE,Test Login Account
Judge|Passw0rd,S00346,TRUE,FALSE,Test Login Account
Laurence|Passw0rd,S00347,TRUE,FALSE,Test Login Account
Neil|Passw0rd,S00348,TRUE,FALSE,Test Login Account
Roger|Passw0rd,S00349,TRUE,FALSE,Test Login Account
Seth|Passw0rd,S00350,TRUE,FALSE,Test Login Account
Glen|Passw0rd,S00351,TRUE,FALSE,Test Login Account
Hugo|Passw0rd,S00352,TRUE,FALSE,Test Login Account
Jimmie|Passw0rd,S00353,TRUE,FALSE,Test Login Account
Johnnie|Passw0rd,S00354,TRUE,FALSE,Test Login Account
Washington|Passw0rd,S00355,TRUE,FALSE,Test Login Account
Elwood|Passw0rd,S00356,TRUE,FALSE,Test Login Account
Gust|Passw0rd,S00357,TRUE,FALSE,Test Login Account
Harmon|Passw0rd,S00358,TRUE,FALSE,Test Login Account
Jordan|Passw0rd,S00359,TRUE,FALSE,Test Login Account
Simeon|Passw0rd,S00360,TRUE,FALSE,Test Login Account
Wayne|Passw0rd,S00361,TRUE,FALSE,Test Login Account
Wilber|Passw0rd,S00362,TRUE,FALSE,Test Login Account
Clem|Passw0rd,S00363,TRUE,FALSE,Test Login Account
Evan|Passw0rd,S00364,TRUE,FALSE,Test Login Account
Frederic|Passw0rd,S00365,TRUE,FALSE,Test Login Account
Irwin|Passw0rd,S00366,TRUE,FALSE,Test Login Account
Junius|Passw0rd,S00367,TRUE,FALSE,Test Login Account
Lafayette|Passw0rd,S00368,TRUE,FALSE,Test Login Account
Loren|Passw0rd,S00369,TRUE,FALSE,Test Login Account
Madison|Passw0rd,S00370,TRUE,FALSE,Test Login Account
Mason|Passw0rd,S00371,TRUE,FALSE,Test Login Account
Orval|Passw0rd,S00372,TRUE,FALSE,Test Login Account
Abram|Passw0rd,S00373,TRUE,FALSE,Test Login Account
Aubrey|Passw0rd,S00374,TRUE,FALSE,Test Login Account
Elliott|Passw0rd,S00375,TRUE,FALSE,Test Login Account
Hans|Passw0rd,S00376,TRUE,FALSE,Test Login Account
Karl|Passw0rd,S00377,TRUE,FALSE,Test Login Account
Minor|Passw0rd,S00378,TRUE,FALSE,Test Login Account
Wash|Passw0rd,S00379,TRUE,FALSE,Test Login Account
Wilfred|Passw0rd,S00380,TRUE,FALSE,Test Login Account
Allan|Passw0rd,S00381,TRUE,FALSE,Test Login Account
Alphonse|Passw0rd,S00382,TRUE,FALSE,Test Login Account
Dallas|Passw0rd,S00383,TRUE,FALSE,Test Login Account
Dee|Passw0rd,S00384,TRUE,FALSE,Test Login Account
Isiah|Passw0rd,S00385,TRUE,FALSE,Test Login Account
Jason|Passw0rd,S00386,TRUE,FALSE,Test Login Account
Johnny|Passw0rd,S00387,TRUE,FALSE,Test Login Account
Lawson|Passw0rd,S00388,TRUE,FALSE,Test Login Account
Lew|Passw0rd,S00389,TRUE,FALSE,Test Login Account
Micheal|Passw0rd,S00390,TRUE,FALSE,Test Login Account
Orin|Passw0rd,S00391,TRUE,FALSE,Test Login Account
Addison|Passw0rd,S00392,TRUE,FALSE,Test Login Account
Cal|Passw0rd,S00393,TRUE,FALSE,Test Login Account
Erastus|Passw0rd,S00394,TRUE,FALSE,Test Login Account
Francisco|Passw0rd,S00395,TRUE,FALSE,Test Login Account
Hardy|Passw0rd,S00396,TRUE,FALSE,Test Login Account
Lucien|Passw0rd,S00397,TRUE,FALSE,Test Login Account
Randolph|Passw0rd,S00398,TRUE,FALSE,Test Login Account
Stewart|Passw0rd,S00399,TRUE,FALSE,Test Login Account
Vern|Passw0rd,S00400,TRUE,FALSE,Test Login Account
Wilmer|Passw0rd,S00401,TRUE,FALSE,Test Login Account
Zack|Passw0rd,S00402,TRUE,FALSE,Test Login Account
Adrian|Passw0rd,S00403,TRUE,FALSE,Test Login Account
Alvah|Passw0rd,S00404,TRUE,FALSE,Test Login Account
Bertram|Passw0rd,S00405,TRUE,FALSE,Test Login Account
Clay|Passw0rd,S00406,TRUE,FALSE,Test Login Account
Ephraim|Passw0rd,S00407,TRUE,FALSE,Test Login Account
Fritz|Passw0rd,S00408,TRUE,FALSE,Test Login Account
Giles|Passw0rd,S00409,TRUE,FALSE,Test Login Account
Grover|Passw0rd,S00410,TRUE,FALSE,Test Login Account
Harris|Passw0rd,S00411,TRUE,FALSE,Test Login Account
Isom|Passw0rd,S00412,TRUE,FALSE,Test Login Account
Jesus|Passw0rd,S00413,TRUE,FALSE,Test Login Account
Johnie|Passw0rd,S00414,TRUE,FALSE,Test Login Account
Jonathan|Passw0rd,S00415,TRUE,FALSE,Test Login Account
Lucian|Passw0rd,S00416,TRUE,FALSE,Test Login Account
Malcolm|Passw0rd,S00417,TRUE,FALSE,Test Login Account
Merritt|Passw0rd,S00418,TRUE,FALSE,Test Login Account
Otho|Passw0rd,S00419,TRUE,FALSE,Test Login Account
Perley|Passw0rd,S00420,TRUE,FALSE,Test Login Account
Rolla|Passw0rd,S00421,TRUE,FALSE,Test Login Account
Sandy|Passw0rd,S00422,TRUE,FALSE,Test Login Account
Tomas|Passw0rd,S00423,TRUE,FALSE,Test Login Account
Wilford|Passw0rd,S00424,TRUE,FALSE,Test Login Account
Adolphus|Passw0rd,S00425,TRUE,FALSE,Test Login Account
Angus|Passw0rd,S00426,TRUE,FALSE,Test Login Account
Arther|Passw0rd,S00427,TRUE,FALSE,Test Login Account
Carlos|Passw0rd,S00428,TRUE,FALSE,Test Login Account
Cary|Passw0rd,S00429,TRUE,FALSE,Test Login Account
Cassius|Passw0rd,S00430,TRUE,FALSE,Test Login Account
Davis|Passw0rd,S00431,TRUE,FALSE,Test Login Account
Hamilton|Passw0rd,S00432,TRUE,FALSE,Test Login Account
Harve|Passw0rd,S00433,TRUE,FALSE,Test Login Account
Israel|Passw0rd,S00434,TRUE,FALSE,Test Login Account
Leander|Passw0rd,S00435,TRUE,FALSE,Test Login Account
Melville|Passw0rd,S00436,TRUE,FALSE,Test Login Account
Merle|Passw0rd,S00437,TRUE,FALSE,Test Login Account
Murray|Passw0rd,S00438,TRUE,FALSE,Test Login Account
Pleasant|Passw0rd,S00439,TRUE,FALSE,Test Login Account
Sterling|Passw0rd,S00440,TRUE,FALSE,Test Login Account
Steven|Passw0rd,S00441,TRUE,FALSE,Test Login Account
Axel|Passw0rd,S00442,TRUE,FALSE,Test Login Account
Boyd|Passw0rd,S00443,TRUE,FALSE,Test Login Account
Bryant|Passw0rd,S00444,TRUE,FALSE,Test Login Account
Clement|Passw0rd,S00445,TRUE,FALSE,Test Login Account
Erwin|Passw0rd,S00446,TRUE,FALSE,Test Login Account
Ezekiel|Passw0rd,S00447,TRUE,FALSE,Test Login Account
Foster|Passw0rd,S00448,TRUE,FALSE,Test Login Account
Frances|Passw0rd,S00449,TRUE,FALSE,Test Login Account
Geo|Passw0rd,S00450,TRUE,FALSE,Test Login Account
Houston|Passw0rd,S00451,TRUE,FALSE,Test Login Account
Issac|Passw0rd,S00452,TRUE,FALSE,Test Login Account
Jules|Passw0rd,S00453,TRUE,FALSE,Test Login Account
Larkin|Passw0rd,S00454,TRUE,FALSE,Test Login Account
Mat|Passw0rd,S00455,TRUE,FALSE,Test Login Account
Morton|Passw0rd,S00456,TRUE,FALSE,Test Login Account
Orlando|Passw0rd,S00457,TRUE,FALSE,Test Login Account
Pierce|Passw0rd,S00458,TRUE,FALSE,Test Login Account
Prince|Passw0rd,S00459,TRUE,FALSE,Test Login Account
Rollie|Passw0rd,S00460,TRUE,FALSE,Test Login Account
Rollin|Passw0rd,S00461,TRUE,FALSE,Test Login Account
Sim|Passw0rd,S00462,TRUE,FALSE,Test Login Account
Stuart|Passw0rd,S00463,TRUE,FALSE,Test Login Account
Wilburn|Passw0rd,S00464,TRUE,FALSE,Test Login Account
Bennett|Passw0rd,S00465,TRUE,FALSE,Test Login Account
Casper|Passw0rd,S00466,TRUE,FALSE,Test Login Account
Christ|Passw0rd,S00467,TRUE,FALSE,Test Login Account
Dell|Passw0rd,S00468,TRUE,FALSE,Test Login Account
Egbert|Passw0rd,S00469,TRUE,FALSE,Test Login Account
Elmo|Passw0rd,S00470,TRUE,FALSE,Test Login Account
Fay|Passw0rd,S00471,TRUE,FALSE,Test Login Account
Gabriel|Passw0rd,S00472,TRUE,FALSE,Test Login Account
Hector|Passw0rd,S00473,TRUE,FALSE,Test Login Account
Horatio|Passw0rd,S00474,TRUE,FALSE,Test Login Account
Lige|Passw0rd,S00475,TRUE,FALSE,Test Login Account
Saul|Passw0rd,S00476,TRUE,FALSE,Test Login Account
Smith|Passw0rd,S00477,TRUE,FALSE,Test Login Account
Squire|Passw0rd,S00478,TRUE,FALSE,Test Login Account
Tobe|Passw0rd,S00479,TRUE,FALSE,Test Login Account
Tommie|Passw0rd,S00480,TRUE,FALSE,Test Login Account
Wyatt|Passw0rd,S00481,TRUE,FALSE,Test Login Account
Alford|Passw0rd,S00482,TRUE,FALSE,Test Login Account
Alma|Passw0rd,S00483,TRUE,FALSE,Test Login Account
Alton|Passw0rd,S00484,TRUE,FALSE,Test Login Account
Andres|Passw0rd,S00485,TRUE,FALSE,Test Login Account
Burl|Passw0rd,S00486,TRUE,FALSE,Test Login Account
Cicero|Passw0rd,S00487,TRUE,FALSE,Test Login Account
Dean|Passw0rd,S00488,TRUE,FALSE,Test Login Account
Dorsey|Passw0rd,S00489,TRUE,FALSE,Test Login Account
Enos|Passw0rd,S00490,TRUE,FALSE,Test Login Account
Howell|Passw0rd,S00491,TRUE,FALSE,Test Login Account
Lou|Passw0rd,S00492,TRUE,FALSE,Test Login Account
Loyd|Passw0rd,S00493,TRUE,FALSE,Test Login Account
Mahlon|Passw0rd,S00494,TRUE,FALSE,Test Login Account
Nat|Passw0rd,S00495,TRUE,FALSE,Test Login Account
Omar|Passw0rd,S00496,TRUE,FALSE,Test Login Account
Oran|Passw0rd,S00497,TRUE,FALSE,Test Login Account
Parker|Passw0rd,S00498,TRUE,FALSE,Test Login Account
Raleigh|Passw0rd,S00499,TRUE,FALSE,Test Login Account
Reginald|Passw0rd,S00500,TRUE,FALSE,Test Login Account
Rubin|Passw0rd,S00501,TRUE,FALSE,Test Login Account
Seymour|Passw0rd,S00502,TRUE,FALSE,Test Login Account
Wm|Passw0rd,S00503,TRUE,FALSE,Test Login Account
Young|Passw0rd,S00504,TRUE,FALSE,Test Login Account
Benjamine|Passw0rd,S00505,TRUE,FALSE,Test Login Account
Carey|Passw0rd,S00506,TRUE,FALSE,Test Login Account
Carlton|Passw0rd,S00507,TRUE,FALSE,Test Login Account
Eldridge|Passw0rd,S00508,TRUE,FALSE,Test Login Account
Elzie|Passw0rd,S00509,TRUE,FALSE,Test Login Account
Garrett|Passw0rd,S00510,TRUE,FALSE,Test Login Account
Isham|Passw0rd,S00511,TRUE,FALSE,Test Login Account
Johnson|Passw0rd,S00512,TRUE,FALSE,Test Login Account
Larry|Passw0rd,S00513,TRUE,FALSE,Test Login Account
Logan|Passw0rd,S00514,TRUE,FALSE,Test Login Account
Merrill|Passw0rd,S00515,TRUE,FALSE,Test Login Account
Mont|Passw0rd,S00516,TRUE,FALSE,Test Login Account
Oren|Passw0rd,S00517,TRUE,FALSE,Test Login Account
Pierre|Passw0rd,S00518,TRUE,FALSE,Test Login Account
Rex|Passw0rd,S00519,TRUE,FALSE,Test Login Account
Rodney|Passw0rd,S00520,TRUE,FALSE,Test Login Account
Ted|Passw0rd,S00521,TRUE,FALSE,Test Login Account
Webster|Passw0rd,S00522,TRUE,FALSE,Test Login Account
West|Passw0rd,S00523,TRUE,FALSE,Test Login Account
Wheeler|Passw0rd,S00524,TRUE,FALSE,Test Login Account
Willam|Passw0rd,S00525,TRUE,FALSE,Test Login Account
Al|Passw0rd,S00526,TRUE,FALSE,Test Login Account
Aloysius|Passw0rd,S00527,TRUE,FALSE,Test Login Account
Alvie|Passw0rd,S00528,TRUE,FALSE,Test Login Account
Anna|Passw0rd,S00529,TRUE,FALSE,Test Login Account
Art|Passw0rd,S00530,TRUE,FALSE,Test Login Account
Augustine|Passw0rd,S00531,TRUE,FALSE,Test Login Account
Bailey|Passw0rd,S00532,TRUE,FALSE,Test Login Account
Benjaman|Passw0rd,S00533,TRUE,FALSE,Test Login Account
Beverly|Passw0rd,S00534,TRUE,FALSE,Test Login Account
Bishop|Passw0rd,S00535,TRUE,FALSE,Test Login Account
Clair|Passw0rd,S00536,TRUE,FALSE,Test Login Account
Cloyd|Passw0rd,S00537,TRUE,FALSE,Test Login Account
Coleman|Passw0rd,S00538,TRUE,FALSE,Test Login Account
Dana|Passw0rd,S00539,TRUE,FALSE,Test Login Account
Duncan|Passw0rd,S00540,TRUE,FALSE,Test Login Account
Dwight|Passw0rd,S00541,TRUE,FALSE,Test Login Account
Emile|Passw0rd,S00542,TRUE,FALSE,Test Login Account
Evert|Passw0rd,S00543,TRUE,FALSE,Test Login Account
Henderson|Passw0rd,S00544,TRUE,FALSE,Test Login Account
Hunter|Passw0rd,S00545,TRUE,FALSE,Test Login Account
Jean|Passw0rd,S00546,TRUE,FALSE,Test Login Account
Lem|Passw0rd,S00547,TRUE,FALSE,Test Login Account
Luis|Passw0rd,S00548,TRUE,FALSE,Test Login Account
Mathias|Passw0rd,S00549,TRUE,FALSE,Test Login Account
Maynard|Passw0rd,S00550,TRUE,FALSE,Test Login Account
Miguel|Passw0rd,S00551,TRUE,FALSE,Test Login Account
Mortimer|Passw0rd,S00552,TRUE,FALSE,Test Login Account
Nels|Passw0rd,S00553,TRUE,FALSE,Test Login Account
Norris|Passw0rd,S00554,TRUE,FALSE,Test Login Account
Pat|Passw0rd,S00555,TRUE,FALSE,Test Login Account
Phil|Passw0rd,S00556,TRUE,FALSE,Test Login Account
Rush|Passw0rd,S00557,TRUE,FALSE,Test Login Account
Santiago|Passw0rd,S00558,TRUE,FALSE,Test Login Account
Sol|Passw0rd,S00559,TRUE,FALSE,Test Login Account
Sydney|Passw0rd,S00560,TRUE,FALSE,Test Login Account
Thaddeus|Passw0rd,S00561,TRUE,FALSE,Test Login Account
Thornton|Passw0rd,S00562,TRUE,FALSE,Test Login Account
Tim|Passw0rd,S00563,TRUE,FALSE,Test Login Account
Travis|Passw0rd,S00564,TRUE,FALSE,Test Login Account
Truman|Passw0rd,S00565,TRUE,FALSE,Test Login Account
Watson|Passw0rd,S00566,TRUE,FALSE,Test Login Account
Webb|Passw0rd,S00567,TRUE,FALSE,Test Login Account
Wellington|Passw0rd,S00568,TRUE,FALSE,Test Login Account
Winfred|Passw0rd,S00569,TRUE,FALSE,Test Login Account
Wylie|Passw0rd,S00570,TRUE,FALSE,Test Login Account
Alec|Passw0rd,S00571,TRUE,FALSE,Test Login Account
Basil|Passw0rd,S00572,TRUE,FALSE,Test Login Account
Baxter|Passw0rd,S00573,TRUE,FALSE,Test Login Account
Bertrand|Passw0rd,S00574,TRUE,FALSE,Test Login Account
Buford|Passw0rd,S00575,TRUE,FALSE,Test Login Account
Burr|Passw0rd,S00576,TRUE,FALSE,Test Login Account
Cleveland|Passw0rd,S00577,TRUE,FALSE,Test Login Account
Colonel|Passw0rd,S00578,TRUE,FALSE,Test Login Account
Dempsey|Passw0rd,S00579,TRUE,FALSE,Test Login Account
Early|Passw0rd,S00580,TRUE,FALSE,Test Login Account
Ellsworth|Passw0rd,S00581,TRUE,FALSE,Test Login Account
Fate|Passw0rd,S00582,TRUE,FALSE,Test Login Account
Finley|Passw0rd,S00583,TRUE,FALSE,Test Login Account
Gabe|Passw0rd,S00584,TRUE,FALSE,Test Login Account
Garland|Passw0rd,S00585,TRUE,FALSE,Test Login Account
Gerald|Passw0rd,S00586,TRUE,FALSE,Test Login Account
Herschel|Passw0rd,S00587,TRUE,FALSE,Test Login Account
Hezekiah|Passw0rd,S00588,TRUE,FALSE,Test Login Account
Justus|Passw0rd,S00589,TRUE,FALSE,Test Login Account
Lindsey|Passw0rd,S00590,TRUE,FALSE,Test Login Account
Marcellus|Passw0rd,S00591,TRUE,FALSE,Test Login Account
Olaf|Passw0rd,S00592,TRUE,FALSE,Test Login Account
Olin|Passw0rd,S00593,TRUE,FALSE,Test Login Account
Pablo|Passw0rd,S00594,TRUE,FALSE,Test Login Account
Rolland|Passw0rd,S00595,TRUE,FALSE,Test Login Account
Turner|Passw0rd,S00596,TRUE,FALSE,Test Login Account
Verne|Passw0rd,S00597,TRUE,FALSE,Test Login Account
Volney|Passw0rd,S00598,TRUE,FALSE,Test Login Account
Williams|Passw0rd,S00599,TRUE,FALSE,Test Login Account
Almon|Passw0rd,S00600,TRUE,FALSE,Test Login Account
Alois|Passw0rd,S00601,TRUE,FALSE,Test Login Account
Alonza|Passw0rd,S00602,TRUE,FALSE,Test Login Account
Anson|Passw0rd,S00603,TRUE,FALSE,Test Login Account
Authur|Passw0rd,S00604,TRUE,FALSE,Test Login Account
Benton|Passw0rd,S00605,TRUE,FALSE,Test Login Account
Billie|Passw0rd,S00606,TRUE,FALSE,Test Login Account
Cornelious|Passw0rd,S00607,TRUE,FALSE,Test Login Account
Darius|Passw0rd,S00608,TRUE,FALSE,Test Login Account
Denis|Passw0rd,S00609,TRUE,FALSE,Test Login Account
Dillard|Passw0rd,S00610,TRUE,FALSE,Test Login Account
Doctor|Passw0rd,S00611,TRUE,FALSE,Test Login Account
Elvin|Passw0rd,S00612,TRUE,FALSE,Test Login Account
Emma|Passw0rd,S00613,TRUE,FALSE,Test Login Account
Eric|Passw0rd,S00614,TRUE,FALSE,Test Login Account
Evans|Passw0rd,S00615,TRUE,FALSE,Test Login Account
Gideon|Passw0rd,S00616,TRUE,FALSE,Test Login Account
Haywood|Passw0rd,S00617,TRUE,FALSE,Test Login Account
Hilliard|Passw0rd,S00618,TRUE,FALSE,Test Login Account
Hosea|Passw0rd,S00619,TRUE,FALSE,Test Login Account
Lincoln|Passw0rd,S00620,TRUE,FALSE,Test Login Account
Lonzo|Passw0rd,S00621,TRUE,FALSE,Test Login Account
Lucious|Passw0rd,S00622,TRUE,FALSE,Test Login Account
Lum|Passw0rd,S00623,TRUE,FALSE,Test Login Account
Malachi|Passw0rd,S00624,TRUE,FALSE,Test Login Account
Newt|Passw0rd,S00625,TRUE,FALSE,Test Login Account
Noel|Passw0rd,S00626,TRUE,FALSE,Test Login Account
Orie|Passw0rd,S00627,TRUE,FALSE,Test Login Account
Palmer|Passw0rd,S00628,TRUE,FALSE,Test Login Account
Pinkney|Passw0rd,S00629,TRUE,FALSE,Test Login Account
Shirley|Passw0rd,S00630,TRUE,FALSE,Test Login Account
Sumner|Passw0rd,S00631,TRUE,FALSE,Test Login Account
Terry|Passw0rd,S00632,TRUE,FALSE,Test Login Account
Urban|Passw0rd,S00633,TRUE,FALSE,Test Login Account
Uriah|Passw0rd,S00634,TRUE,FALSE,Test Login Account
Valentine|Passw0rd,S00635,TRUE,FALSE,Test Login Account
Waldo|Passw0rd,S00636,TRUE,FALSE,Test Login Account
Warner|Passw0rd,S00637,TRUE,FALSE,Test Login Account
Wong|Passw0rd,S00638,TRUE,FALSE,Test Login Account
Zeb|Passw0rd,S00639,TRUE,FALSE,Test Login Account
Abel|Passw0rd,S00640,TRUE,FALSE,Test Login Account
Alden|Passw0rd,S00641,TRUE,FALSE,Test Login Account
Archer|Passw0rd,S00642,TRUE,FALSE,Test Login Account
Avery|Passw0rd,S00643,TRUE,FALSE,Test Login Account
Carson|Passw0rd,S00644,TRUE,FALSE,Test Login Account
Cullen|Passw0rd,S00645,TRUE,FALSE,Test Login Account
Doc|Passw0rd,S00646,TRUE,FALSE,Test Login Account
Eben|Passw0rd,S00647,TRUE,FALSE,Test Login Account
Elige|Passw0rd,S00648,TRUE,FALSE,Test Login Account
Elizabeth|Passw0rd,S00649,TRUE,FALSE,Test Login Account
Elmore|Passw0rd,S00650,TRUE,FALSE,Test Login Account
Ernst|Passw0rd,S00651,TRUE,FALSE,Test Login Account
Finis|Passw0rd,S00652,TRUE,FALSE,Test Login Account
Freddie|Passw0rd,S00653,TRUE,FALSE,Test Login Account
Godfrey|Passw0rd,S00654,TRUE,FALSE,Test Login Account
Guss|Passw0rd,S00655,TRUE,FALSE,Test Login Account
Hamp|Passw0rd,S00656,TRUE,FALSE,Test Login Account
Hermann|Passw0rd,S00657,TRUE,FALSE,Test Login Account
Isadore|Passw0rd,S00658,TRUE,FALSE,Test Login Account
Isreal|Passw0rd,S00659,TRUE,FALSE,Test Login Account
Jones|Passw0rd,S00660,TRUE,FALSE,Test Login Account
June|Passw0rd,S00661,TRUE,FALSE,Test Login Account
Lacy|Passw0rd,S00662,TRUE,FALSE,Test Login Account
Lafe|Passw0rd,S00663,TRUE,FALSE,Test Login Account
Leland|Passw0rd,S00664,TRUE,FALSE,Test Login Account
Llewellyn|Passw0rd,S00665,TRUE,FALSE,Test Login Account
Ludwig|Passw0rd,S00666,TRUE,FALSE,Test Login Account
Manford|Passw0rd,S00667,TRUE,FALSE,Test Login Account
Maxwell|Passw0rd,S00668,TRUE,FALSE,Test Login Account
Minnie|Passw0rd,S00669,TRUE,FALSE,Test Login Account
Obie|Passw0rd,S00670,TRUE,FALSE,Test Login Account
Octave|Passw0rd,S00671,TRUE,FALSE,Test Login Account
Orrin|Passw0rd,S00672,TRUE,FALSE,Test Login Account
Ossie|Passw0rd,S00673,TRUE,FALSE,Test Login Account
Oswald|Passw0rd,S00674,TRUE,FALSE,Test Login Account
Park|Passw0rd,S00675,TRUE,FALSE,Test Login Account
Parley|Passw0rd,S00676,TRUE,FALSE,Test Login Account
Ramon|Passw0rd,S00677,TRUE,FALSE,Test Login Account
Rice|Passw0rd,S00678,TRUE,FALSE,Test Login Account
Stonewall|Passw0rd,S00679,TRUE,FALSE,Test Login Account
Theo|Passw0rd,S00680,TRUE,FALSE,Test Login Account
Tillman|Passw0rd,S00681,TRUE,FALSE,Test Login Account
Addie|Passw0rd,S00682,TRUE,FALSE,Test Login Account
Aron|Passw0rd,S00683,TRUE,FALSE,Test Login Account
Ashley|Passw0rd,S00684,TRUE,FALSE,Test Login Account
Bernhard|Passw0rd,S00685,TRUE,FALSE,Test Login Account
Bertie|Passw0rd,S00686,TRUE,FALSE,Test Login Account
Berton|Passw0rd,S00687,TRUE,FALSE,Test Login Account
Buster|Passw0rd,S00688,TRUE,FALSE,Test Login Account
Butler|Passw0rd,S00689,TRUE,FALSE,Test Login Account
Carleton|Passw0rd,S00690,TRUE,FALSE,Test Login Account
Carrie|Passw0rd,S00691,TRUE,FALSE,Test Login Account
Clara|Passw0rd,S00692,TRUE,FALSE,Test Login Account
Clarance|Passw0rd,S00693,TRUE,FALSE,Test Login Account
Clare|Passw0rd,S00694,TRUE,FALSE,Test Login Account
Crawford|Passw0rd,S00695,TRUE,FALSE,Test Login Account
Danial|Passw0rd,S00696,TRUE,FALSE,Test Login Account
Dayton|Passw0rd,S00697,TRUE,FALSE,Test Login Account
Dolphus|Passw0rd,S00698,TRUE,FALSE,Test Login Account
Elder|Passw0rd,S00699,TRUE,FALSE,Test Login Account
Ephriam|Passw0rd,S00700,TRUE,FALSE,Test Login Account
Fayette|Passw0rd,S00701,TRUE,FALSE,Test Login Account
Felipe|Passw0rd,S00702,TRUE,FALSE,Test Login Account
Fernando|Passw0rd,S00703,TRUE,FALSE,Test Login Account
Flem|Passw0rd,S00704,TRUE,FALSE,Test Login Account
Florence|Passw0rd,S00705,TRUE,FALSE,Test Login Account
Ford|Passw0rd,S00706,TRUE,FALSE,Test Login Account
Harlan|Passw0rd,S00707,TRUE,FALSE,Test Login Account
Hayes|Passw0rd,S00708,TRUE,FALSE,Test Login Account
Henery|Passw0rd,S00709,TRUE,FALSE,Test Login Account
Hoy|Passw0rd,S00710,TRUE,FALSE,Test Login Account
Huston|Passw0rd,S00711,TRUE,FALSE,Test Login Account
Ida|Passw0rd,S00712,TRUE,FALSE,Test Login Account
Ivory|Passw0rd,S00713,TRUE,FALSE,Test Login Account
Jonah|Passw0rd,S00714,TRUE,FALSE,Test Login Account
Justin|Passw0rd,S00715,TRUE,FALSE,Test Login Account
Lenard|Passw0rd,S00716,TRUE,FALSE,Test Login Account
Leopold|Passw0rd,S00717,TRUE,FALSE,Test Login Account
Lionel|Passw0rd,S00718,TRUE,FALSE,Test Login Account
Manley|Passw0rd,S00719,TRUE,FALSE,Test Login Account
Marquis|Passw0rd,S00720,TRUE,FALSE,Test Login Account
Marshal|Passw0rd,S00721,TRUE,FALSE,Test Login Account
Mart|Passw0rd,S00722,TRUE,FALSE,Test Login Account
Odie|Passw0rd,S00723,TRUE,FALSE,Test Login Account
Olen|Passw0rd,S00724,TRUE,FALSE,Test Login Account
Oral|Passw0rd,S00725,TRUE,FALSE,Test Login Account
Orley|Passw0rd,S00726,TRUE,FALSE,Test Login Account
Otha|Passw0rd,S00727,TRUE,FALSE,Test Login Account
Press|Passw0rd,S00728,TRUE,FALSE,Test Login Account
Price|Passw0rd,S00729,TRUE,FALSE,Test Login Account
Quincy|Passw0rd,S00730,TRUE,FALSE,Test Login Account
Randall|Passw0rd,S00731,TRUE,FALSE,Test Login Account
Rich|Passw0rd,S00732,TRUE,FALSE,Test Login Account
Richmond|Passw0rd,S00733,TRUE,FALSE,Test Login Account
Romeo|Passw0rd,S00734,TRUE,FALSE,Test Login Account
Russel|Passw0rd,S00735,TRUE,FALSE,Test Login Account
Rutherford|Passw0rd,S00736,TRUE,FALSE,Test Login Account
Shade|Passw0rd,S00737,TRUE,FALSE,Test Login Account
Shelby|Passw0rd,S00738,TRUE,FALSE,Test Login Account
Solon|Passw0rd,S00739,TRUE,FALSE,Test Login Account
Thurman|Passw0rd,S00740,TRUE,FALSE,Test Login Account
Tilden|Passw0rd,S00741,TRUE,FALSE,Test Login Account
Troy|Passw0rd,S00742,TRUE,FALSE,Test Login Account
Woodson|Passw0rd,S00743,TRUE,FALSE,Test Login Account
Worth|Passw0rd,S00744,TRUE,FALSE,Test Login Account
Aden|Passw0rd,S00745,TRUE,FALSE,Test Login Account
Alcide|Passw0rd,S00746,TRUE,FALSE,Test Login Account
Alf|Passw0rd,S00747,TRUE,FALSE,Test Login Account
Algie|Passw0rd,S00748,TRUE,FALSE,Test Login Account
Arlie|Passw0rd,S00749,TRUE,FALSE,Test Login Account
Bart|Passw0rd,S00750,TRUE,FALSE,Test Login Account
Bedford|Passw0rd,S00751,TRUE,FALSE,Test Login Account
Benito|Passw0rd,S00752,TRUE,FALSE,Test Login Account
Billy|Passw0rd,S00753,TRUE,FALSE,Test Login Account
Bird|Passw0rd,S00754,TRUE,FALSE,Test Login Account
Birt|Passw0rd,S00755,TRUE,FALSE,Test Login Account
Bruno|Passw0rd,S00756,TRUE,FALSE,Test Login Account
Burley|Passw0rd,S00757,TRUE,FALSE,Test Login Account
Chancy|Passw0rd,S00758,TRUE,FALSE,Test Login Account
Claus|Passw0rd,S00759,TRUE,FALSE,Test Login Account
Cliff|Passw0rd,S00760,TRUE,FALSE,Test Login Account
Clovis|Passw0rd,S00761,TRUE,FALSE,Test Login Account
Connie|Passw0rd,S00762,TRUE,FALSE,Test Login Account
Creed|Passw0rd,S00763,TRUE,FALSE,Test Login Account
Delos|Passw0rd,S00764,TRUE,FALSE,Test Login Account
Duke|Passw0rd,S00765,TRUE,FALSE,Test Login Account
Eber|Passw0rd,S00766,TRUE,FALSE,Test Login Account
Eligah|Passw0rd,S00767,TRUE,FALSE,Test Login Account
Elliot|Passw0rd,S00768,TRUE,FALSE,Test Login Account
Elton|Passw0rd,S00769,TRUE,FALSE,Test Login Account
Emmitt|Passw0rd,S00770,TRUE,FALSE,Test Login Account
Gene|Passw0rd,S00771,TRUE,FALSE,Test Login Account
Golden|Passw0rd,S00772,TRUE,FALSE,Test Login Account
Hal|Passw0rd,S00773,TRUE,FALSE,Test Login Account
Hardin|Passw0rd,S00774,TRUE,FALSE,Test Login Account
Harman|Passw0rd,S00775,TRUE,FALSE,Test Login Account
Hervey|Passw0rd,S00776,TRUE,FALSE,Test Login Account
Hollis|Passw0rd,S00777,TRUE,FALSE,Test Login Account
Ivey|Passw0rd,S00778,TRUE,FALSE,Test Login Account
Jennie|Passw0rd,S00779,TRUE,FALSE,Test Login Account
Len|Passw0rd,S00780,TRUE,FALSE,Test Login Account
Lindsay|Passw0rd,S00781,TRUE,FALSE,Test Login Account
Lonie|Passw0rd,S00782,TRUE,FALSE,Test Login Account
Lyle|Passw0rd,S00783,TRUE,FALSE,Test Login Account
Mac|Passw0rd,S00784,TRUE,FALSE,Test Login Account
Mal|Passw0rd,S00785,TRUE,FALSE,Test Login Account
Math|Passw0rd,S00786,TRUE,FALSE,Test Login Account
Miller|Passw0rd,S00787,TRUE,FALSE,Test Login Account
Orson|Passw0rd,S00788,TRUE,FALSE,Test Login Account
Osborne|Passw0rd,S00789,TRUE,FALSE,Test Login Account
Percival|Passw0rd,S00790,TRUE,FALSE,Test Login Account
Pleas|Passw0rd,S00791,TRUE,FALSE,Test Login Account
Ples|Passw0rd,S00792,TRUE,FALSE,Test Login Account
Rafael|Passw0rd,S00793,TRUE,FALSE,Test Login Account
Raoul|Passw0rd,S00794,TRUE,FALSE,Test Login Account
Roderick|Passw0rd,S00795,TRUE,FALSE,Test Login Account
Rose|Passw0rd,S00796,TRUE,FALSE,Test Login Account
Shelton|Passw0rd,S00797,TRUE,FALSE,Test Login Account
Sid|Passw0rd,S00798,TRUE,FALSE,Test Login Account
Theron|Passw0rd,S00799,TRUE,FALSE,Test Login Account
Tobias|Passw0rd,S00800,TRUE,FALSE,Test Login Account
Toney|Passw0rd,S00801,TRUE,FALSE,Test Login Account
Tyler|Passw0rd,S00802,TRUE,FALSE,Test Login Account
Vance|Passw0rd,S00803,TRUE,FALSE,Test Login Account
Vivian|Passw0rd,S00804,TRUE,FALSE,Test Login Account
Walton|Passw0rd,S00805,TRUE,FALSE,Test Login Account
Watt|Passw0rd,S00806,TRUE,FALSE,Test Login Account
Weaver|Passw0rd,S00807,TRUE,FALSE,Test Login Account
Wilton|Passw0rd,S00808,TRUE,FALSE,Test Login Account
Adolf|Passw0rd,S00809,TRUE,FALSE,Test Login Account
Albin|Passw0rd,S00810,TRUE,FALSE,Test Login Account
Albion|Passw0rd,S00811,TRUE,FALSE,Test Login Account
Allison|Passw0rd,S00812,TRUE,FALSE,Test Login Account
Alpha|Passw0rd,S00813,TRUE,FALSE,Test Login Account
Alpheus|Passw0rd,S00814,TRUE,FALSE,Test Login Account
Anastacio|Passw0rd,S00815,TRUE,FALSE,Test Login Account
Andre|Passw0rd,S00816,TRUE,FALSE,Test Login Account
Annie|Passw0rd,S00817,TRUE,FALSE,Test Login Account
Arlington|Passw0rd,S00818,TRUE,FALSE,Test Login Account
Armand|Passw0rd,S00819,TRUE,FALSE,Test Login Account
Asberry|Passw0rd,S00820,TRUE,FALSE,Test Login Account
Asbury|Passw0rd,S00821,TRUE,FALSE,Test Login Account
Asher|Passw0rd,S00822,TRUE,FALSE,Test Login Account
Augustin|Passw0rd,S00823,TRUE,FALSE,Test Login Account
Auther|Passw0rd,S00824,TRUE,FALSE,Test Login Account
Author|Passw0rd,S00825,TRUE,FALSE,Test Login Account
Ballard|Passw0rd,S00826,TRUE,FALSE,Test Login Account
Blas|Passw0rd,S00827,TRUE,FALSE,Test Login Account
Caesar|Passw0rd,S00828,TRUE,FALSE,Test Login Account
Candido|Passw0rd,S00829,TRUE,FALSE,Test Login Account
Cato|Passw0rd,S00830,TRUE,FALSE,Test Login Account
Clarke|Passw0rd,S00831,TRUE,FALSE,Test Login Account
Clemente|Passw0rd,S00832,TRUE,FALSE,Test Login Account
Colin|Passw0rd,S00833,TRUE,FALSE,Test Login Account
Commodore|Passw0rd,S00834,TRUE,FALSE,Test Login Account
Cora|Passw0rd,S00835,TRUE,FALSE,Test Login Account
Coy|Passw0rd,S00836,TRUE,FALSE,Test Login Account
Cruz|Passw0rd,S00837,TRUE,FALSE,Test Login Account
Curt|Passw0rd,S00838,TRUE,FALSE,Test Login Account
Damon|Passw0rd,S00839,TRUE,FALSE,Test Login Account
Davie|Passw0rd,S00840,TRUE,FALSE,Test Login Account
Delmar|Passw0rd,S00841,TRUE,FALSE,Test Login Account
Dexter|Passw0rd,S00842,TRUE,FALSE,Test Login Account
Dora|Passw0rd,S00843,TRUE,FALSE,Test Login Account
Doss|Passw0rd,S00844,TRUE,FALSE,Test Login Account
Drew|Passw0rd,S00845,TRUE,FALSE,Test Login Account
Edson|Passw0rd,S00846,TRUE,FALSE,Test Login Account
Elam|Passw0rd,S00847,TRUE,FALSE,Test Login Account
Elihu|Passw0rd,S00848,TRUE,FALSE,Test Login Account
Eliza|Passw0rd,S00849,TRUE,FALSE,Test Login Account
Elsie|Passw0rd,S00850,TRUE,FALSE,Test Login Account
Erie|Passw0rd,S00851,TRUE,FALSE,Test Login Account
Ernie|Passw0rd,S00852,TRUE,FALSE,Test Login Account
Ethel|Passw0rd,S00853,TRUE,FALSE,Test Login Account
Ferd|Passw0rd,S00854,TRUE,FALSE,Test Login Account
Friend|Passw0rd,S00855,TRUE,FALSE,Test Login Account
Garry|Passw0rd,S00856,TRUE,FALSE,Test Login Account
Gary|Passw0rd,S00857,TRUE,FALSE,Test Login Account
Grace|Passw0rd,S00858,TRUE,FALSE,Test Login Account
Gustaf|Passw0rd,S00859,TRUE,FALSE,Test Login Account
Hallie|Passw0rd,S00860,TRUE,FALSE,Test Login Account
Hampton|Passw0rd,S00861,TRUE,FALSE,Test Login Account
Harrie|Passw0rd,S00862,TRUE,FALSE,Test Login Account
Hattie|Passw0rd,S00863,TRUE,FALSE,Test Login Account
Hence|Passw0rd,S00864,TRUE,FALSE,Test Login Account
Hillard|Passw0rd,S00865,TRUE,FALSE,Test Login Account
Hollie|Passw0rd,S00866,TRUE,FALSE,Test Login Account
Holmes|Passw0rd,S00867,TRUE,FALSE,Test Login Account
Hope|Passw0rd,S00868,TRUE,FALSE,Test Login Account
Hyman|Passw0rd,S00869,TRUE,FALSE,Test Login Account
Ishmael|Passw0rd,S00870,TRUE,FALSE,Test Login Account
Jarrett|Passw0rd,S00871,TRUE,FALSE,Test Login Account
Jessee|Passw0rd,S00872,TRUE,FALSE,Test Login Account
Joeseph|Passw0rd,S00873,TRUE,FALSE,Test Login Account
Junious|Passw0rd,S00874,TRUE,FALSE,Test Login Account
Kirk|Passw0rd,S00875,TRUE,FALSE,Test Login Account
Levy|Passw0rd,S00876,TRUE,FALSE,Test Login Account
Mervin|Passw0rd,S00877,TRUE,FALSE,Test Login Account
Michel|Passw0rd,S00878,TRUE,FALSE,Test Login Account
Milford|Passw0rd,S00879,TRUE,FALSE,Test Login Account
Mitchel|Passw0rd,S00880,TRUE,FALSE,Test Login Account
Nellie|Passw0rd,S00881,TRUE,FALSE,Test Login Account
Noble|Passw0rd,S00882,TRUE,FALSE,Test Login Account
Obed|Passw0rd,S00883,TRUE,FALSE,Test Login Account
Oda|Passw0rd,S00884,TRUE,FALSE,Test Login Account
Orren|Passw0rd,S00885,TRUE,FALSE,Test Login Account
Ottis|Passw0rd,S00886,TRUE,FALSE,Test Login Account
Rafe|Passw0rd,S00887,TRUE,FALSE,Test Login Account
Redden|Passw0rd,S00888,TRUE,FALSE,Test Login Account
Reese|Passw0rd,S00889,TRUE,FALSE,Test Login Account
Rube|Passw0rd,S00890,TRUE,FALSE,Test Login Account
Ruby|Passw0rd,S00891,TRUE,FALSE,Test Login Account
Rupert|Passw0rd,S00892,TRUE,FALSE,Test Login Account
Salomon|Passw0rd,S00893,TRUE,FALSE,Test Login Account
Sammie|Passw0rd,S00894,TRUE,FALSE,Test Login Account
Sanders|Passw0rd,S00895,TRUE,FALSE,Test Login Account
Soloman|Passw0rd,S00896,TRUE,FALSE,Test Login Account
Stacy|Passw0rd,S00897,TRUE,FALSE,Test Login Account
Stanford|Passw0rd,S00898,TRUE,FALSE,Test Login Account
Stanton|Passw0rd,S00899,TRUE,FALSE,Test Login Account
Thad|Passw0rd,S00900,TRUE,FALSE,Test Login Account
Titus|Passw0rd,S00901,TRUE,FALSE,Test Login Account
Tracy|Passw0rd,S00902,TRUE,FALSE,Test Login Account
Vernie|Passw0rd,S00903,TRUE,FALSE,Test Login Account
Wendell|Passw0rd,S00904,TRUE,FALSE,Test Login Account
Wilhelm|Passw0rd,S00905,TRUE,FALSE,Test Login Account
Willian|Passw0rd,S00906,TRUE,FALSE,Test Login Account
Yee|Passw0rd,S00907,TRUE,FALSE,Test Login Account
Zeke|Passw0rd,S00908,TRUE,FALSE,Test Login Account
Ab|Passw0rd,S00909,TRUE,FALSE,Test Login Account
Abbott|Passw0rd,S00910,TRUE,FALSE,Test Login Account
Agustus|Passw0rd,S00911,TRUE,FALSE,Test Login Account
Albertus|Passw0rd,S00912,TRUE,FALSE,Test Login Account
Almer|Passw0rd,S00913,TRUE,FALSE,Test Login Account
Alphonso|Passw0rd,S00914,TRUE,FALSE,Test Login Account
Alvia|Passw0rd,S00915,TRUE,FALSE,Test Login Account
Artie|Passw0rd,S00916,TRUE,FALSE,Test Login Account
Arvid|Passw0rd,S00917,TRUE,FALSE,Test Login Account
Ashby|Passw0rd,S00918,TRUE,FALSE,Test Login Account
Augusta|Passw0rd,S00919,TRUE,FALSE,Test Login Account
Aurthur|Passw0rd,S00920,TRUE,FALSE,Test Login Account
Babe|Passw0rd,S00921,TRUE,FALSE,Test Login Account
Baldwin|Passw0rd,S00922,TRUE,FALSE,Test Login Account
Barnett|Passw0rd,S00923,TRUE,FALSE,Test Login Account
Bartholomew|Passw0rd,S00924,TRUE,FALSE,Test Login Account
Barton|Passw0rd,S00925,TRUE,FALSE,Test Login Account
Bernie|Passw0rd,S00926,TRUE,FALSE,Test Login Account
Blaine|Passw0rd,S00927,TRUE,FALSE,Test Login Account
Boston|Passw0rd,S00928,TRUE,FALSE,Test Login Account
Brad|Passw0rd,S00929,TRUE,FALSE,Test Login Account
Bradford|Passw0rd,S00930,TRUE,FALSE,Test Login Account
Bradley|Passw0rd,S00931,TRUE,FALSE,Test Login Account
Brooks|Passw0rd,S00932,TRUE,FALSE,Test Login Account
Buck|Passw0rd,S00933,TRUE,FALSE,Test Login Account
Budd|Passw0rd,S00934,TRUE,FALSE,Test Login Account
Ceylon|Passw0rd,S00935,TRUE,FALSE,Test Login Account
Chalmers|Passw0rd,S00936,TRUE,FALSE,Test Login Account
Chesley|Passw0rd,S00937,TRUE,FALSE,Test Login Account
Chin|Passw0rd,S00938,TRUE,FALSE,Test Login Account
Cleo|Passw0rd,S00939,TRUE,FALSE,Test Login Account
Crockett|Passw0rd,S00940,TRUE,FALSE,Test Login Account
Cyril|Passw0rd,S00941,TRUE,FALSE,Test Login Account
Daisy|Passw0rd,S00942,TRUE,FALSE,Test Login Account
Denver|Passw0rd,S00943,TRUE,FALSE,Test Login Account
Dow|Passw0rd,S00944,TRUE,FALSE,Test Login Account
Duff|Passw0rd,S00945,TRUE,FALSE,Test Login Account
Edie|Passw0rd,S00946,TRUE,FALSE,Test Login Account
Edith|Passw0rd,S00947,TRUE,FALSE,Test Login Account
Elick|Passw0rd,S00948,TRUE,FALSE,Test Login Account
Elie|Passw0rd,S00949,TRUE,FALSE,Test Login Account
Eliga|Passw0rd,S00950,TRUE,FALSE,Test Login Account
Eliseo|Passw0rd,S00951,TRUE,FALSE,Test Login Account
Elroy|Passw0rd,S00952,TRUE,FALSE,Test Login Account
Ely|Passw0rd,S00953,TRUE,FALSE,Test Login Account
Ennis|Passw0rd,S00954,TRUE,FALSE,Test Login Account
Enrique|Passw0rd,S00955,TRUE,FALSE,Test Login Account
Erasmus|Passw0rd,S00956,TRUE,FALSE,Test Login Account
Esau|Passw0rd,S00957,TRUE,FALSE,Test Login Account
Everette|Passw0rd,S00958,TRUE,FALSE,Test Login Account
Firman|Passw0rd,S00959,TRUE,FALSE,Test Login Account
Fleming|Passw0rd,S00960,TRUE,FALSE,Test Login Account
Flora|Passw0rd,S00961,TRUE,FALSE,Test Login Account
Gardner|Passw0rd,S00962,TRUE,FALSE,Test Login Account
Gee|Passw0rd,S00963,TRUE,FALSE,Test Login Account
Gorge|Passw0rd,S00964,TRUE,FALSE,Test Login Account
Gottlieb|Passw0rd,S00965,TRUE,FALSE,Test Login Account
Gregorio|Passw0rd,S00966,TRUE,FALSE,Test Login Account
Gregory|Passw0rd,S00967,TRUE,FALSE,Test Login Account
Gustavus|Passw0rd,S00968,TRUE,FALSE,Test Login Account
Halsey|Passw0rd,S00969,TRUE,FALSE,Test Login Account
Handy|Passw0rd,S00970,TRUE,FALSE,Test Login Account
Hardie|Passw0rd,S00971,TRUE,FALSE,Test Login Account
Harl|Passw0rd,S00972,TRUE,FALSE,Test Login Account
Hayden|Passw0rd,S00973,TRUE,FALSE,Test Login Account
Hays|Passw0rd,S00974,TRUE,FALSE,Test Login Account
Hermon|Passw0rd,S00975,TRUE,FALSE,Test Login Account
Hershel|Passw0rd,S00976,TRUE,FALSE,Test Login Account
Holly|Passw0rd,S00977,TRUE,FALSE,Test Login Account
Hosteen|Passw0rd,S00978,TRUE,FALSE,Test Login Account
Hoyt|Passw0rd,S00979,TRUE,FALSE,Test Login Account
Hudson|Passw0rd,S00980,TRUE,FALSE,Test Login Account
Huey|Passw0rd,S00981,TRUE,FALSE,Test Login Account
Humphrey|Passw0rd,S00982,TRUE,FALSE,Test Login Account
Hunt|Passw0rd,S00983,TRUE,FALSE,Test Login Account
Hyrum|Passw0rd,S00984,TRUE,FALSE,Test Login Account
Irven|Passw0rd,S00985,TRUE,FALSE,Test Login Account
Isam|Passw0rd,S00986,TRUE,FALSE,Test Login Account
Ivy|Passw0rd,S00987,TRUE,FALSE,Test Login Account
Jabez|Passw0rd,S00988,TRUE,FALSE,Test Login Account
Jewel|Passw0rd,S00989,TRUE,FALSE,Test Login Account
Jodie|Passw0rd,S00990,TRUE,FALSE,Test Login Account
Judd|Passw0rd,S00991,TRUE,FALSE,Test Login Account
Julious|Passw0rd,S00992,TRUE,FALSE,Test Login Account
Justice|Passw0rd,S00993,TRUE,FALSE,Test Login Account
Katherine|Passw0rd,S00994,TRUE,FALSE,Test Login Account
Kelly|Passw0rd,S00995,TRUE,FALSE,Test Login Account
Kit|Passw0rd,S00996,TRUE,FALSE,Test Login Account
Knute|Passw0rd,S00997,TRUE,FALSE,Test Login Account
Lavern|Passw0rd,S00998,TRUE,FALSE,Test Login Account
Lawyer|Passw0rd,S00999,TRUE,FALSE,Test Login Account
